Business Name,Address 1,Address 2,"City, State Zip",Map URL
ALIXA RX LLC,10132 WEST 76TH STREET,,"EDEN PRAIRIE, MN 55344",http://maps.google.com/maps?q=ALIXA%20RX%20LLC%2C10132%20WEST%2076TH%20STREET%2C+EDEN%20PRAIRIE%2C+MN+55344
ALTRU CLINIC PHARMACY - FAMILY MED CTR INC,1380 COLUMBIA RD S,,"GRAND FORKS, ND 58201",http://maps.google.com/maps?q=ALTRU%20CLINIC%20PHARMACY%20%20FAMILY%20MED%20CTR%20INC%2C1380%20COLUMBIA%20RD%20S%2C+GRAND%20FORKS%2C+ND+58201
ALTRU HEALTH SYSTEM,1200 SOUTH COLUMBIA ROAD,,"GRAND FORKS, ND 58201",http://maps.google.com/maps?q=ALTRU%20HEALTH%20SYSTEM%2C1200%20SOUTH%20COLUMBIA%20ROAD%2C+GRAND%20FORKS%2C+ND+58201
"AMERIPHARM, INC",2503 E 54TH ST. N,,"SIOUX FALLS, SD 57104",http://maps.google.com/maps?q=AMERIPHARM%20INC%2C2503%20E%2054TH%20ST.%20N%2C+SIOUX%20FALLS%2C+SD+57104
ASTRUP DRUG INC,PHARMACY,1601 STATE AVE NW,"OWATONNA, MN 55060",http://maps.google.com/maps?q=ASTRUP%20DRUG%20INC%2CPHARMACY%2C+OWATONNA%2C+MN+55060
AVERA HOLY FAMILY HEALTH,826 N 8TH STREET,,"ESTHERVILLE, IA 51334",http://maps.google.com/maps?q=AVERA%20HOLY%20FAMILY%20HEALTH%2C826%20N%208TH%20STREET%2C+ESTHERVILLE%2C+IA+51334
BENNETT PHARMACY,1 WEST MAIN,P.O.BOX 111,"NEW HAMPTON, IA 50659",http://maps.google.com/maps?q=BENNETT%20PHARMACY%2C1%20WEST%20MAIN%2C+NEW%20HAMPTON%2C+IA+50659
BOOTH PHARMACY INC,903 CENTRAL AVENUE,PO BOX 233,"HAWARDEN, IA 51023",http://maps.google.com/maps?q=BOOTH%20PHARMACY%20INC%2C903%20CENTRAL%20AVENUE%2C+HAWARDEN%2C+IA+51023
BUDGET DRUG,"2015 LIBRARY CIRCLE, #102",,"GRAND FORKS, ND 58201",http://maps.google.com/maps?q=BUDGET%20DRUG%2C2015%20LIBRARY%20CIRCLE%2C%20#102%2C+GRAND%20FORKS%2C+ND+58201
BURNETT MEDICAL CENTER,257 W ST GEORGE AVE,,"GRANTSBURG, WI 54840",http://maps.google.com/maps?q=BURNETT%20MEDICAL%20CENTER%2C257%20W%20ST%20GEORGE%20AVE%2C+GRANTSBURG%2C+WI+54840
CASS ST PHARMACY GUNDERSEN HEALTH SYSTEM,528 CASS ST.,,"LA CROSSE, WI 54601",http://maps.google.com/maps?q=CASS%20ST%20PHARMACY%20GUNDERSEN%20HEALTH%20SYSTEM%2C528%20CASS%20ST.%2C+LA%20CROSSE%2C+WI+54601
CLAYTON DRUG,100 EAST 1ST STREET,,"SUMNER, IA 50674",http://maps.google.com/maps?q=CLAYTON%20DRUG%2C100%20EAST%201ST%20STREET%2C+SUMNER%2C+IA+50674
CORNER DRUG STORE OF WAHPETON INC,619 DAKOTA AVENUE,,"WAHPETON, ND 58075",http://maps.google.com/maps?q=CORNER%20DRUG%20STORE%20OF%20WAHPETON%20INC%2C619%20DAKOTA%20AVENUE%2C+WAHPETON%2C+ND+58075
CORNWELL DRUG,P. O. BOX 490,701 MAIN STREET,"WEBSTER, SD 57274",http://maps.google.com/maps?q=CORNWELL%20DRUG%2CP.%20O.%20BOX%20490%2C+WEBSTER%2C+SD+57274
COTEAU DES PRAIRIES HOSPITAL,205 ORCHARD DRIVE,,"SISSETON, SD 57262",http://maps.google.com/maps?q=COTEAU%20DES%20PRAIRIES%20HOSPITAL%2C205%20ORCHARD%20DRIVE%2C+SISSETON%2C+SD+57262
CRESCO FAMILY PHARMACY,REGIONAL HEALTH SERVICES OF HOWARD COUNTY,235 8TH AVENUE WEST,"CRESCO, IA 52136",http://maps.google.com/maps?q=CRESCO%20FAMILY%20PHARMACY%2CREGIONAL%20HEALTH%20SERVICES%20OF%20HOWARD%20COUNTY%2C+CRESCO%2C+IA+52136
CURT'S LONG TERM CARE PHARMACY,"1615 W MAIN ST, SUITE B",,"ALBERT LEA, MN 56007",http://maps.google.com/maps?q=CURTS%20LONG%20TERM%20CARE%20PHARMACY%2C1615%20W%20MAIN%20ST%2C%20SUITE%20B%2C+ALBERT%20LEA%2C+MN+56007
DAKOTA CLINIC PHARMACY,1702 SOUTH UNIVERSITY DR,,"FARGO, ND 58103",http://maps.google.com/maps?q=DAKOTA%20CLINIC%20PHARMACY%2C1702%20SOUTH%20UNIVERSITY%20DR%2C+FARGO%2C+ND+58103
DAKOTA CLINIC PHARMACY ON 32 AVENUE,3000 32 AVENUE S,,"FARGO, ND 58103",http://maps.google.com/maps?q=DAKOTA%20CLINIC%20PHARMACY%20ON%20%20AVENUE%2C3000%2032%20AVENUE%20S%2C+FARGO%2C+ND+58103
"DONLON DRUG, INC",201 W. WATER ST,,"DECORAH, IA 52101",http://maps.google.com/maps?q=DONLON%20DRUG%20INC%2C201%20W.%20WATER%20ST%2C+DECORAH%2C+IA+52101
EAST SIDE FAMILY CLINIC PHARMACY,895 EAST 7TH STREET,,"SAINT PAUL, MN 55106",http://maps.google.com/maps?q=EAST%20SIDE%20FAMILY%20CLINIC%20PHARMACY%2C895%20EAST%207TH%20STREET%2C+SAINT%20PAUL%2C+MN+55106
ELIZABETH'S PHARMACY ON MAIN INC,52 MAIN AVENUE NORTH,,"BRITT, IA 50423",http://maps.google.com/maps?q=ELIZABETHS%20PHARMACY%20ON%20MAIN%20INC%2C52%20MAIN%20AVENUE%20NORTH%2C+BRITT%2C+IA+50423
ESSENTIA HEALTH BAXTER PHARMACY,13060 ISLE DR,,"BAXTER, MN 56425",http://maps.google.com/maps?q=ESSENTIA%20HEALTH%20BAXTER%20PHARMACY%2C13060%20ISLE%20DR%2C+BAXTER%2C+MN+56425
ESSENTIA HEALTH BRAINERD PHARMACY,2024 S. 6TH STREET,,"BRAINERD, MN 56401",http://maps.google.com/maps?q=ESSENTIA%20HEALTH%20BRAINERD%20PHARMACY%2C2024%20S.%206TH%20STREET%2C+BRAINERD%2C+MN+56401
ESSENTIA HEALTH DL PHARMACY,211 FRAZEE ST E,,"DETROIT LAKES, MN 56501",http://maps.google.com/maps?q=ESSENTIA%20HEALTH%20DL%20PHARMACY%2C211%20FRAZEE%20ST%20E%2C+DETROIT%20LAKES%2C+MN+56501
ESSENTIA HEALTH HIBBING PHARMACY,730 E. 34TH ST,SUITE A,"HIBBING, MN 55746",http://maps.google.com/maps?q=ESSENTIA%20HEALTH%20HIBBING%20PHARMACY%2C730%20E.%2034TH%20ST%2C+HIBBING%2C+MN+55746
FAMILY HEALTHCARE PHARMACY,NDSU,301 NP AVENUE,"FARGO, ND 58102",http://maps.google.com/maps?q=FAMILY%20HEALTHCARE%20PHARMACY%2CNDSU%2C+FARGO%2C+ND+58102
FAMILY MEDICINE RESIDENCY PHARMACY,725 HAMLINE ST,,"GRAND FORKS, ND 58203",http://maps.google.com/maps?q=FAMILY%20MEDICINE%20RESIDENCY%20PHARMACY%2C725%20HAMLINE%20ST%2C+GRAND%20FORKS%2C+ND+58203
FIRSTLIGHT HEALTH SYSTEM PHARMACY,1425 MAIN ST. N,,"PINE CITY, MN 55063",http://maps.google.com/maps?q=FIRSTLIGHT%20HEALTH%20SYSTEM%20PHARMACY%2C1425%20MAIN%20ST.%20N%2C+PINE%20CITY%2C+MN+55063
FOND DU LAC RESERVATION,927 TRETTEL LANE,,"CLOQUET, MN 55720",http://maps.google.com/maps?q=FOND%20DU%20LAC%20RESERVATION%2C927%20TRETTEL%20LANE%2C+CLOQUET%2C+MN+55720
"GENOA HEALTHCARE, LLC","166 4TH STREET E, STE 244",,"SAINT PAUL, MN 55101",http://maps.google.com/maps?q=GENOA%20HEALTHCARE%20LLC%2C166%204TH%20STREET%20E%2C%20STE%20244%2C+SAINT%20PAUL%2C+MN+55101
"GENOA HEALTHCARE, LLC",3101 OLD HIGHWAY 8,STE 203-B,"ROSEVILLE, MN 55113",http://maps.google.com/maps?q=GENOA%20HEALTHCARE%20LLC%2C3101%20OLD%20HIGHWAY%208%2C+ROSEVILLE%2C+MN+55113
"GENOA HEALTHCARE, LLC",800 TRANSFER ROAD,STE 35,"SAINT PAUL, MN 55114",http://maps.google.com/maps?q=GENOA%20HEALTHCARE%20LLC%2C800%20TRANSFER%20ROAD%2C+SAINT%20PAUL%2C+MN+55114
GOODRICH PHARMACY INC.,601 JACOB LANE,,"ANOKA, MN 55303",http://maps.google.com/maps?q=GOODRICH%20PHARMACY%20INC%2C601%20JACOB%20LANE%2C+ANOKA%2C+MN+55303
GRAND ITASCA PHARMACY,1601 GOLF COURSE ROAD,,"GRAND RAPIDS, MN 55744",http://maps.google.com/maps?q=GRAND%20ITASCA%20PHARMACY%2C1601%20GOLF%20COURSE%20ROAD%2C+GRAND%20RAPIDS%2C+MN+55744
"GRAND ST. PAUL CVS, L.L.C.",1175 MADISON AVE.,,"MANKATO, MN 56001",http://maps.google.com/maps?q=GRAND%20ST%20PAUL%20CVS%20LLC%2C1175%20MADISON%20AVE.%2C+MANKATO%2C+MN+56001
"GRAND ST. PAUL CVS, L.L.C.",499 SNELLING AVE. N.,,"ST PAUL, MN 55104",http://maps.google.com/maps?q=GRAND%20ST%20PAUL%20CVS%20LLC%2C499%20SNELLING%20AVE.%20N.%2C+ST%20PAUL%2C+MN+55104
"GRAND ST. PAUL CVS, L.L.C.",740 RAILROAD AVE.,P.O. BOX 550,"ALBANY, MN 56307",http://maps.google.com/maps?q=GRAND%20ST%20PAUL%20CVS%20LLC%2C740%20RAILROAD%20AVE.%2C+ALBANY%2C+MN+56307
"GRAND ST. PAUL CVS, L.L.C.",810 MARYLAND AVENUE EAST,,"ST PAUL, MN 55106",http://maps.google.com/maps?q=GRAND%20ST%20PAUL%20CVS%20LLC%2C810%20MARYLAND%20AVENUE%20EAST%2C+ST%20PAUL%2C+MN+55106
"GRAND ST. PAUL CVS, L.L.C.",949 PORTLAND AVE.,,"MINNEAPOLIS, MN 55404",http://maps.google.com/maps?q=GRAND%20ST%20PAUL%20CVS%20LLC%2C949%20PORTLAND%20AVE.%2C+MINNEAPOLIS%2C+MN+55404
"GUARDIAN PHARMACY OF MINNESOTA, LLC",940 INDUSTRIAL DR S,SUITE 102,"SAUK RAPIDS, MN 56379",http://maps.google.com/maps?q=GUARDIAN%20PHARMACY%20OF%20MINNESOTA%20LLC%2C940%20INDUSTRIAL%20DR%20S%2C+SAUK%20RAPIDS%2C+MN+56379
GUNDERSEN LUTHERAN CLIN PHARM,1836 SOUTH AVENUE,,"LA CROSSE, WI 54601",http://maps.google.com/maps?q=GUNDERSEN%20LUTHERAN%20CLIN%20PHARM%2C1836%20SOUTH%20AVENUE%2C+LA%20CROSSE%2C+WI+54601
GUNDERSEN LUTHERAN CLIN PHARM,3111 GUNDERSEN DRIVE,,"ONALASKA, WI 54650",http://maps.google.com/maps?q=GUNDERSEN%20LUTHERAN%20CLIN%20PHARM%2C3111%20GUNDERSEN%20DRIVE%2C+ONALASKA%2C+WI+54650
HANKINSON DRUG,323 SOUTH MAIN AVENUE,PO BOX 160,"HANKINSON, ND 58041",http://maps.google.com/maps?q=HANKINSON%20DRUG%2C323%20SOUTH%20MAIN%20AVENUE%2C+HANKINSON%2C+ND+58041
HARTIG DRUG CO #12,21 WEST MAIN STREET,,"WAUKON, IA 52172",http://maps.google.com/maps?q=HARTIG%20DRUG%20CO%2C21%20WEST%20MAIN%20STREET%2C+WAUKON%2C+IA+52172
HCMC CSC PHARMACY,715 8TH STREET SO.,,"MINNEAPOLIS, MN 55404",http://maps.google.com/maps?q=HCMC%20CSC%20PHARMACY%2C715%208TH%20STREET%20SO.%2C+MINNEAPOLIS%2C+MN+55404
HCMC RICHFIELD CLINIC PHARMACY,790 W 66TH ST,,"RICHFIELD, MN 55423",http://maps.google.com/maps?q=HCMC%20RICHFIELD%20CLINIC%20PHARMACY%2C790%20W%2066TH%20ST%2C+RICHFIELD%2C+MN+55423
HEALTHPARTNERS,MAILSTOP: 41101B,401 PHALEN BLVD,"SAINT PAUL, MN 55130",http://maps.google.com/maps?q=HEALTHPARTNERS%2CMAILSTOP%3A%2041101B%2C+SAINT%20PAUL%2C+MN+55130
HEALTHPARTNERS APPLE VALLEY,PHARMACY,15290 PENNOCK LANE,"APPLE VALLEY, MN 55124",http://maps.google.com/maps?q=HEALTHPARTNERS%20APPLE%20VALLEY%2CPHARMACY%2C+APPLE%20VALLEY%2C+MN+55124
HEALTHPARTNERS ARDEN HILLS,PHARMACY,3930 NORTHWOODS DRIVE,"ARDEN HILLS, MN 55112",http://maps.google.com/maps?q=HEALTHPARTNERS%20ARDEN%20HILLS%2CPHARMACY%2C+ARDEN%20HILLS%2C+MN+55112
HEALTHPARTNERS BLOOMINGTON,PHARMACY,8600 NICOLLET AVENUE,"BLOOMINGTON, MN 55420",http://maps.google.com/maps?q=HEALTHPARTNERS%20BLOOMINGTON%2CPHARMACY%2C+BLOOMINGTON%2C+MN+55420
HEALTHPARTNERS BROOKLYN CENTR,6845 LEE AVENUE NORTH,,"BROOKLYN CENTER, MN 55429",http://maps.google.com/maps?q=HEALTHPARTNERS%20BROOKLYN%20CENTR%2C6845%20LEE%20AVENUE%20NORTH%2C+BROOKLYN%20CENTER%2C+MN+55429
HEALTHPARTNERS COMO PHARMACY,2500 COMO AVE,,"SAINT PAUL, MN 55108",http://maps.google.com/maps?q=HEALTHPARTNERS%20COMO%20PHARMACY%2C2500%20COMO%20AVE%2C+SAINT%20PAUL%2C+MN+55108
HEALTHPARTNERS COON RAPIDS,PHARMACY,11475 ROBINSON DRIVE NW,"COON RAPIDS, MN 55433",http://maps.google.com/maps?q=HEALTHPARTNERS%20COON%20RAPIDS%2CPHARMACY%2C+COON%20RAPIDS%2C+MN+55433
HEALTHPARTNERS MAPLEWOOD,2165 WHITE BEAR AVENUE,,"MAPLEWOOD, MN 55109",http://maps.google.com/maps?q=HEALTHPARTNERS%20MAPLEWOOD%2C2165%20WHITE%20BEAR%20AVENUE%2C+MAPLEWOOD%2C+MN+55109
HEALTHPARTNERS RIVERSIDE PHAR,2220 RIVERSIDE AVENUE SOUTH,,"MINNEAPOLIS, MN 55454",http://maps.google.com/maps?q=HEALTHPARTNERS%20RIVERSIDE%20PHAR%2C2220%20RIVERSIDE%20AVENUE%20SOUTH%2C+MINNEAPOLIS%2C+MN+55454
HEALTHPARTNERS ST PAUL PHARM,205 SOUTH WABASHA,,"W SAINT PAUL, MN 55107",http://maps.google.com/maps?q=HEALTHPARTNERS%20ST%20PAUL%20PHARM%2C205%20SOUTH%20WABASHA%2C+W%20SAINT%20PAUL%2C+MN+55107
HEALTHPARTNERS WEST PHARMACY,5100 GAMBLE DRIVE,SUITE 100,"ST LOUIS PARK, MN 55416",http://maps.google.com/maps?q=HEALTHPARTNERS%20WEST%20PHARMACY%2C5100%20GAMBLE%20DRIVE%2C+ST%20LOUIS%20PARK%2C+MN+55416
HEALTHPARTNERS WHITE BEAR,1430 HIGHWAY 96,,"WHITE BEAR LAKE, MN 55110",http://maps.google.com/maps?q=HEALTHPARTNERS%20WHITE%20BEAR%2C1430%20HIGHWAY%2096%2C+WHITE%20BEAR%20LAKE%2C+MN+55110
HEALTHPARTNERS WOODBURY,8450 SEASONS PARKWAY,,"WOODBURY, MN 55125",http://maps.google.com/maps?q=HEALTHPARTNERS%20WOODBURY%2C8450%20SEASONS%20PARKWAY%2C+WOODBURY%2C+MN+55125
HEGG MEMORIAL HOSPITAL INC,1200 21ST AVENUE,,"ROCK VALLEY, IA 51247",http://maps.google.com/maps?q=HEGG%20MEMORIAL%20HOSPITAL%20INC%2C1200%2021ST%20AVENUE%2C+ROCK%20VALLEY%2C+IA+51247
"HHP, LLC",130 3RD ST NE,SUITE A,"HARTLEY, IA 51346",http://maps.google.com/maps?q=HHP%20LLC%2C130%203RD%20ST%20NE%2C+HARTLEY%2C+IA+51346
HILLSBORO REXALL DRUG INC,13 NORTH MAIN STREET,P.O. BOX 820,"HILLSBORO, ND 58045",http://maps.google.com/maps?q=HILLSBORO%20REXALL%20DRUG%20INC%2C13%20NORTH%20MAIN%20STREET%2C+HILLSBORO%2C+ND+58045
HUDSON HOSPITAL & CLINICS PHARMACY,405 STAGELINE ROAD,,"HUDSON, WI 54016",http://maps.google.com/maps?q=HUDSON%20HOSPITAL%20%20CLINICS%20PHARMACY%2C405%20STAGELINE%20ROAD%2C+HUDSON%2C+WI+54016
INHEALTH SPECIALTY PHARMACY,2345 25TH ST. S.,,"FARGO, ND 58103",http://maps.google.com/maps?q=INHEALTH%20SPECIALTY%20PHARMACY%2C2345%2025TH%20ST.%20S.%2C+FARGO%2C+ND+58103
INSPIRE PHARMACY INC,360 DIVISION AVE,SUITE 100,"GRAND FORKS, ND 58201",http://maps.google.com/maps?q=INSPIRE%20PHARMACY%20INC%2C360%20DIVISION%20AVE%2C+GRAND%20FORKS%2C+ND+58201
KRHC FAMILY PHARMACY,1519 SOUTH PHILLIPS,,"ALGONA, IA 50511",http://maps.google.com/maps?q=KRHC%20FAMILY%20PHARMACY%2C1519%20SOUTH%20PHILLIPS%2C+ALGONA%2C+IA+50511
LAKES REGIONAL HEALTHCARE,2301 HIGHWAY 71 SOUTH,,"SPIRIT LAKE, IA 51360",http://maps.google.com/maps?q=LAKES%20REGIONAL%20HEALTHCARE%2C2301%20HIGHWAY%2071%20SOUTH%2C+SPIRIT%20LAKE%2C+IA+51360
LAKEVIEW COMMUNITY PHARMACY,1500 CURVE CREST BLVD,,"STILLWATER, MN 55082",http://maps.google.com/maps?q=LAKEVIEW%20COMMUNITY%20PHARMACY%2C1500%20CURVE%20CREST%20BLVD%2C+STILLWATER%2C+MN+55082
LAKEVIEW MEM HOSP ASSOC INC,927 WEST CHURCHILL STREET,,"STILLWATER, MN 55082",http://maps.google.com/maps?q=LAKEVIEW%20MEM%20HOSP%20ASSOC%20INC%2C927%20WEST%20CHURCHILL%20STREET%2C+STILLWATER%2C+MN+55082
LEWIS FAIMLY DRUG #54,LEWIS FAMILY DRUG LLC,2202 17TH ST,"SPIRIT LAKE, IA 51360",http://maps.google.com/maps?q=LEWIS%20FAIMLY%20DRUG%2CLEWIS%20FAMILY%20DRUG%20LLC%2C+SPIRIT%20LAKE%2C+IA+51360
LEWIS FAMILY DRUG #31,109 S MAIN ST,,"MILBANK, SD 57252",http://maps.google.com/maps?q=LEWIS%20FAMILY%20DRUG%2C109%20S%20MAIN%20ST%2C+MILBANK%2C+SD+57252
LEWIS FAMILY DRUG #39,1044 MAIN ST,,"HULL, IA 51239",http://maps.google.com/maps?q=LEWIS%20FAMILY%20DRUG%2C1044%20MAIN%20ST%2C+HULL%2C+IA+51239
LEWIS FAMILY DRUG #52,610 PARK STREET,P.O. BOX 455,"SHELDON, IA 51201",http://maps.google.com/maps?q=LEWIS%20FAMILY%20DRUG%2C610%20PARK%20STREET%2C+SHELDON%2C+IA+51201
LEWIS FAMILY DRUG #58,104 W PARK AVENUE,,"VIBORG, SD 57070",http://maps.google.com/maps?q=LEWIS%20FAMILY%20DRUG%2C104%20W%20PARK%20AVENUE%2C+VIBORG%2C+SD+57070
LEWIS FAMILY DRUG #59,143 S MAIN AVE,,"SIOUX CENTER, IA 51250",http://maps.google.com/maps?q=LEWIS%20FAMILY%20DRUG%2C143%20S%20MAIN%20AVE%2C+SIOUX%20CENTER%2C+IA+51250
LEWIS FAMILY DRUG #61,106 N. BOONE STREET,,"ROCK RAPIDS, IA 51246",http://maps.google.com/maps?q=LEWIS%20FAMILY%20DRUG%2C106%20N.%20BOONE%20STREET%2C+ROCK%20RAPIDS%2C+IA+51246
LEWIS FAMILY DRUG #67,420 SECOND AVE,,"SIBLEY, IA 51249",http://maps.google.com/maps?q=LEWIS%20FAMILY%20DRUG%2C420%20SECOND%20AVE%2C+SIBLEY%2C+IA+51249
"LEWIS FAMILY DRUG, LLC",1319 10TH STREET,,"ROCK VALLEY, IA 51247",http://maps.google.com/maps?q=LEWIS%20FAMILY%20DRUG%20LLC%2C1319%2010TH%20STREET%2C+ROCK%20VALLEY%2C+IA+51247
LEWIS MADISON DRUG,741 SOUTH WASHINGTON AVE,,"MADISON, SD 57042",http://maps.google.com/maps?q=LEWIS%20MADISON%20DRUG%2C741%20SOUTH%20WASHINGTON%20AVE%2C+MADISON%2C+SD+57042
LEWIS SOUTHGATE DRUG,2901 S MINNESOTA AVE,,"SIOUX FALLS, SD 57105",http://maps.google.com/maps?q=LEWIS%20SOUTHGATE%20DRUG%2C2901%20S%20MINNESOTA%20AVE%2C+SIOUX%20FALLS%2C+SD+57105
MARSDEN PHARMACY,402 FAXON RD N,,"NORWOOD YOUNG AMERICA, MN 55368",http://maps.google.com/maps?q=MARSDEN%20PHARMACY%2C402%20FAXON%20RD%20N%2C+NORWOOD%20YOUNG%20AMERICA%2C+MN+55368
MARSHFIELD CLINIC DISPENSING-OAKWOOD CENTER,3501 GOLF ROAD,,"EAU CLAIRE, WI 54701",http://maps.google.com/maps?q=MARSHFIELD%20CLINIC%20DISPENSINGOAKWOOD%20CENTER%2C3501%20GOLF%20ROAD%2C+EAU%20CLAIRE%2C+WI+54701
MARSHFIELD CLINIC DISPENSING-RIVERVIEW CENTER,1000 STARR AVENUE,,"EAU CLAIRE, WI 54703",http://maps.google.com/maps?q=MARSHFIELD%20CLINIC%20DISPENSINGRIVERVIEW%20CENTER%2C1000%20STARR%20AVENUE%2C+EAU%20CLAIRE%2C+WI+54703
MARSHFIELD CLINIC PHARMACY,2116 CRAIG ROAD,,"EAU CLAIRE, WI 54701",http://maps.google.com/maps?q=MARSHFIELD%20CLINIC%20PHARMACY%2C2116%20CRAIG%20ROAD%2C+EAU%20CLAIRE%2C+WI+54701
MARSHFIELD CLINIC PHARMACY,2655 CTY HWY I,,"CHIPPEWA FALLS, WI 54729",http://maps.google.com/maps?q=MARSHFIELD%20CLINIC%20PHARMACY%2C2655%20CTY%20HWY%20I%2C+CHIPPEWA%20FALLS%2C+WI+54729
MEDICAL PHARMACY SOUTH,4151 45TH ST SO,,"FARGO, ND 58104",http://maps.google.com/maps?q=MEDICAL%20PHARMACY%20SOUTH%2C4151%2045TH%20ST%20SO%2C+FARGO%2C+ND+58104
MERCY WESTSIDE PHARMACY,910 N EISENHOWER AVE.,,"MASON CITY, IA 50401",http://maps.google.com/maps?q=MERCY%20WESTSIDE%20PHARMACY%2C910%20N%20EISENHOWER%20AVE.%2C+MASON%20CITY%2C+IA+50401
NORTH MEMORIAL MEDICAL CENTER,PHARMACY,3300 OAKDALE AVE NORTH,"ROBBINSDALE, MN 55422",http://maps.google.com/maps?q=NORTH%20MEMORIAL%20MEDICAL%20CENTER%2CPHARMACY%2C+ROBBINSDALE%2C+MN+55422
NORTH MEMORIAL PHARMACY MAPLE GROVE,9825 HOSPITAL DRIVE SUITE 100,,"MAPLE GROVE, MN 55369",http://maps.google.com/maps?q=NORTH%20MEMORIAL%20PHARMACY%20MAPLE%20GROVE%2C9825%20HOSPITAL%20DRIVE%20SUITE%20100%2C+MAPLE%20GROVE%2C+MN+55369
NORTH POINT HEALTH CENTER PHARMACY,1313 PENN AVE NORTH,,"MINNEAPOLIS, MN 55411",http://maps.google.com/maps?q=NORTH%20POINT%20HEALTH%20CENTER%20PHARMACY%2C1313%20PENN%20AVE%20NORTH%2C+MINNEAPOLIS%2C+MN+55411
NUCARA PHARMACY #20,119 N VINE,,"WEST UNION, IA 52175",http://maps.google.com/maps?q=NUCARA%20PHARMACY%2C119%20N%20VINE%2C+WEST%20UNION%2C+IA+52175
P H S INDIAN HOSPITAL,ADMIN OFFICER,425 7TH ST NW,"CASS LAKE, MN 56633",http://maps.google.com/maps?q=P%20H%20S%20INDIAN%20HOSPITAL%2CADMIN%20OFFICER%2C+CASS%20LAKE%2C+MN+56633
PARK NICOLLET PHARMACY,1885 PLAZA DRIVE,,"EAGAN, MN 55122",http://maps.google.com/maps?q=PARK%20NICOLLET%20PHARMACY%2C1885%20PLAZA%20DRIVE%2C+EAGAN%2C+MN+55122
PARK NICOLLET PHARMACY,250 NORTH CENTRAL,,"WAYZATA, MN 55391",http://maps.google.com/maps?q=PARK%20NICOLLET%20PHARMACY%2C250%20NORTH%20CENTRAL%2C+WAYZATA%2C+MN+55391
PARK NICOLLET PHARMACY,300 LAKE DRIVE EAST,,"CHANHASSEN, MN 55317",http://maps.google.com/maps?q=PARK%20NICOLLET%20PHARMACY%2C300%20LAKE%20DRIVE%20EAST%2C+CHANHASSEN%2C+MN+55317
PARK NICOLLET PHARMACY,3850 PARK NICOLLET BLVD.,,"ST LOUIS PARK, MN 55416",http://maps.google.com/maps?q=PARK%20NICOLLET%20PHARMACY%2C3850%20PARK%20NICOLLET%20BLVD.%2C+ST%20LOUIS%20PARK%2C+MN+55416
PARK NICOLLET PHARMACY,3931 LOUISIANA AVE,,"ST LOUIS PARK, MN 55426",http://maps.google.com/maps?q=PARK%20NICOLLET%20PHARMACY%2C3931%20LOUISIANA%20AVE%2C+ST%20LOUIS%20PARK%2C+MN+55426
REGIONS HOSPITAL PHARMACY,OUTPATIENT,640 JACKSON STREET,"ST PAUL, MN 55101",http://maps.google.com/maps?q=REGIONS%20HOSPITAL%20PHARMACY%2COUTPATIENT%2C+ST%20PAUL%2C+MN+55101
SANFORD MEDICAL CENTER-MAYVILLE,42 6TH AVENUE SE,,"MAYVILLE, ND 58257",http://maps.google.com/maps?q=SANFORD%20MEDICAL%20CENTERMAYVILLE%2C42%206TH%20AVENUE%20SE%2C+MAYVILLE%2C+ND+58257
SANFORD PHARMACY 1611 ANNE ST,1611 ANNE ST NW,,"BEMIDJI, MN 56601",http://maps.google.com/maps?q=SANFORD%20PHARMACY%20%20ANNE%20ST%2C1611%20ANNE%20ST%20NW%2C+BEMIDJI%2C+MN+56601
SANFORD PHARMACY BROADWAY,737 BROADWAY,,"FARGO, ND 58102",http://maps.google.com/maps?q=SANFORD%20PHARMACY%20BROADWAY%2C737%20BROADWAY%2C+FARGO%2C+ND+58102
SANFORD PHARMACY MEDICAL CENTER FARGO,5225 23RD AVE S,,"FARGO, ND 58104",http://maps.google.com/maps?q=SANFORD%20PHARMACY%20MEDICAL%20CENTER%20FARGO%2C5225%2023RD%20AVE%20S%2C+FARGO%2C+ND+58104
SANFORD PHARMACY SOUTH UNIVERSITY,1720 SOUTH UNIVERSITY DRIVE,,"FARGO, ND 58103",http://maps.google.com/maps?q=SANFORD%20PHARMACY%20SOUTH%20UNIVERSITY%2C1720%20SOUTH%20UNIVERSITY%20DRIVE%2C+FARGO%2C+ND+58103
SCOTT PHARMACY,238 S MAIN,PO BOX 188,"FAYETTE, IA 52142",http://maps.google.com/maps?q=SCOTT%20PHARMACY%2C238%20S%20MAIN%2C+FAYETTE%2C+IA+52142
SEIP PRESCRIPTION SHOPPE #12,5675 26TH AVE SOUTH SUITE 136A,,"FARGO, ND 58104",http://maps.google.com/maps?q=SEIP%20PRESCRIPTION%20SHOPPE%2C5675%2026TH%20AVE%20SOUTH%20SUITE%20136A%2C+FARGO%2C+ND+58104
SHOPKO PHARMACY #2201,3402 MAIN ST,,"EMMETSBURG, IA 50536",http://maps.google.com/maps?q=SHOPKO%20PHARMACY%2C3402%20MAIN%20ST%2C+EMMETSBURG%2C+IA+50536
SIOUX CENTER HEALTH,1101 9 TH ST SE,,"SIOUX CENTER, IA 51250",http://maps.google.com/maps?q=SIOUX%20CENTER%20HEALTH%2C1101%209%20TH%20ST%20SE%2C+SIOUX%20CENTER%2C+IA+51250
SMSC PHARMACY,15045 MYSTIC LAKE DRIVE,,"PRIOR LAKE, MN 55372",http://maps.google.com/maps?q=SMSC%20PHARMACY%2C15045%20MYSTIC%20LAKE%20DRIVE%2C+PRIOR%20LAKE%2C+MN+55372
SOUTHPOINTE PHARMACY,2400 32ND AVE S,,"FARGO, ND 58103",http://maps.google.com/maps?q=SOUTHPOINTE%20PHARMACY%2C2400%2032ND%20AVE%20S%2C+FARGO%2C+ND+58103
ST CLOUD STATE UNIVERSITY,251 6TH ST S,,"SAINT CLOUD, MN 56301",http://maps.google.com/maps?q=ST%20CLOUD%20STATE%20UNIVERSITY%2C251%206TH%20ST%20S%2C+SAINT%20CLOUD%2C+MN+56301
STERLING LTC PHARMACY #32,607 10TH STREET,,"WORTHINGTON, MN 56187",http://maps.google.com/maps?q=STERLING%20LTC%20PHARMACY%2C607%2010TH%20STREET%2C+WORTHINGTON%2C+MN+56187
THRIFTY DRUG SOUTHGATE,1532 32ND AVENUE SOUTH,,"FARGO, ND 58103",http://maps.google.com/maps?q=THRIFTY%20DRUG%20SOUTHGATE%2C1532%2032ND%20AVENUE%20SOUTH%2C+FARGO%2C+ND+58103
THRIFTY NYSTROM DRUG,223 SOUTH EIGHTH STREET,,"BRAINERD, MN 56401",http://maps.google.com/maps?q=THRIFTY%20NYSTROM%20DRUG%2C223%20SOUTH%20EIGHTH%20STREET%2C+BRAINERD%2C+MN+56401
THRIFTY WHITE DRUG #23,808 WASHINGTON AVE STE 29,,"DETROIT LAKES, MN 56501",http://maps.google.com/maps?q=THRIFTY%20WHITE%20DRUG%2C808%20WASHINGTON%20AVE%20STE%2029%2C+DETROIT%20LAKES%2C+MN+56501
THRIFTY WHITE DRUG #762,6055 NATHAN LANE NORTH,SUITE 200A,"PLYMOUTH, MN 55442",http://maps.google.com/maps?q=THRIFTY%20WHITE%20DRUG%2C6055%20NATHAN%20LANE%20NORTH%2C+PLYMOUTH%2C+MN+55442
THRIFTY WHITE PHARMACY #022,2300 1ST ST S,,"WILLMAR, MN 56201",http://maps.google.com/maps?q=THRIFTY%20WHITE%20PHARMACY%2C2300%201ST%20ST%20S%2C+WILLMAR%2C+MN+56201
THRIFTY WHITE PHARMACY #039,1401 33RD STREET SOUTHWEST,,"FARGO, ND 58103",http://maps.google.com/maps?q=THRIFTY%20WHITE%20PHARMACY%2C1401%2033RD%20STREET%20SOUTHWEST%2C+FARGO%2C+ND+58103
THRIFTY WHITE PHARMACY #042,715 S GRAND AVENUE,,"SPENCER, IA 51301",http://maps.google.com/maps?q=THRIFTY%20WHITE%20PHARMACY%2C715%20S%20GRAND%20AVENUE%2C+SPENCER%2C+IA+51301
THRIFTY WHITE PHARMACY #046,1100 13TH AVENUE EAST,,"WEST FARGO, ND 58078",http://maps.google.com/maps?q=THRIFTY%20WHITE%20PHARMACY%2C1100%2013TH%20AVENUE%20EAST%2C+WEST%20FARGO%2C+ND+58078
THRIFTY WHITE PHARMACY #064,1907 US HIGHWAY 18 EAST,,"CLEAR LAKE, IA 50428",http://maps.google.com/maps?q=THRIFTY%20WHITE%20PHARMACY%2C1907%20US%20HIGHWAY%2018%20EAST%2C+CLEAR%20LAKE%2C+IA+50428
THRIFTY WHITE PHARMACY #068,4255 30TH AVE S,,"FARGO, ND 58104",http://maps.google.com/maps?q=THRIFTY%20WHITE%20PHARMACY%2C4255%2030TH%20AVE%20S%2C+FARGO%2C+ND+58104
THRIFTY WHITE PHARMACY #077,127 N. MAIN STREET,,"PAULLINA, IA 51046",http://maps.google.com/maps?q=THRIFTY%20WHITE%20PHARMACY%2C127%20N.%20MAIN%20STREET%2C+PAULLINA%2C+IA+51046
THRIFTY WHITE PHARMACY #081,1395 C SOUTH COLUMBIA ROAD,,"GRAND FORKS, ND 58201",http://maps.google.com/maps?q=THRIFTY%20WHITE%20PHARMACY%2C1395%20C%20SOUTH%20COLUMBIA%20ROAD%2C+GRAND%20FORKS%2C+ND+58201
THRIFTY WHITE PHARMACY #103,503 3RD AVE E # 100,,"ALEXANDRIA, MN 56308",http://maps.google.com/maps?q=THRIFTY%20WHITE%20PHARMACY%2C503%203RD%20AVE%20E%20#%20100%2C+ALEXANDRIA%2C+MN+56308
THRIFTY WHITE PHARMACY #727,223 STATE STREET NORTH,,"WASECA, MN 56093",http://maps.google.com/maps?q=THRIFTY%20WHITE%20PHARMACY%2C223%20STATE%20STREET%20NORTH%2C+WASECA%2C+MN+56093
THRIFTY WHITE PHARMACY #728,1105 S POKEGAMA AVENUE,,"GRAND RAPIDS, MN 55744",http://maps.google.com/maps?q=THRIFTY%20WHITE%20PHARMACY%2C1105%20S%20POKEGAMA%20AVENUE%2C+GRAND%20RAPIDS%2C+MN+55744
THRIFTY WHITE PHARMACY #741,3517 E. BELTLINE,,"HIBBING, MN 55746",http://maps.google.com/maps?q=THRIFTY%20WHITE%20PHARMACY%2C3517%20E.%20BELTLINE%2C+HIBBING%2C+MN+55746
THRIFTY WHITE PHARMACY #746,31 N MAIN,PO BOX F,"BAGLEY, MN 56621",http://maps.google.com/maps?q=THRIFTY%20WHITE%20PHARMACY%2C31%20N%20MAIN%2C+BAGLEY%2C+MN+56621
THRIFTY WHITE PHARMACY #75,387 S 11TH STREET SUITE 2,,"WAHPETON, ND 58075",http://maps.google.com/maps?q=THRIFTY%20WHITE%20PHARMACY%2C387%20S%2011TH%20STREET%20SUITE%202%2C+WAHPETON%2C+ND+58075
THRIFTY WHITE PHARMACY #76,702 MONTGOMERY STREET,,"DECORAH, IA 52101",http://maps.google.com/maps?q=THRIFTY%20WHITE%20PHARMACY%2C702%20MONTGOMERY%20STREET%2C+DECORAH%2C+IA+52101
THRIFTY WHITE PHARMACY #769,2000 PAUL BUNYAN DRIVE NW,,"BEMIDJI, MN 56601",http://maps.google.com/maps?q=THRIFTY%20WHITE%20PHARMACY%2C2000%20PAUL%20BUNYAN%20DRIVE%20NW%2C+BEMIDJI%2C+MN+56601
THRIFTY WHITE PHARMACY #770,724 HIGHWAY 7 E,,"MONTEVIDEO, MN 56265",http://maps.google.com/maps?q=THRIFTY%20WHITE%20PHARMACY%2C724%20HIGHWAY%207%20E%2C+MONTEVIDEO%2C+MN+56265
THRIFTY WHITE PHARMACY #772,"707 LUNDORFF DRIVE SOUTH, SUITE 2",,"SANDSTONE, MN 55072",http://maps.google.com/maps?q=THRIFTY%20WHITE%20PHARMACY%2C707%20LUNDORFF%20DRIVE%20SOUTH%2C%20SUITE%202%2C+SANDSTONE%2C+MN+55072
THRIFTY WHITE PHARMACY #786,2018 15TH ST NW,,"ROCHESTER, MN 55901",http://maps.google.com/maps?q=THRIFTY%20WHITE%20PHARMACY%2C2018%2015TH%20ST%20NW%2C+ROCHESTER%2C+MN+55901
THRIFTY WHITE PHARMACY #789,1703 MADISON AVE,,"MANKATO, MN 56001",http://maps.google.com/maps?q=THRIFTY%20WHITE%20PHARMACY%2C1703%20MADISON%20AVE%2C+MANKATO%2C+MN+56001
TOTAL CARE PHARMACY,7221 UNIVERSITY AVENUE,,"FRIDLEY, MN 55432",http://maps.google.com/maps?q=TOTAL%20CARE%20PHARMACY%2C7221%20UNIVERSITY%20AVENUE%2C+FRIDLEY%2C+MN+55432
UNIV OF NO DAKOTA,MCCANNEL HALL ROOM 100,2891 2ND AVE N STOP 9038,"GRAND FORKS, ND 58202",http://maps.google.com/maps?q=UNIV%20OF%20NO%20DAKOTA%2CMCCANNEL%20HALL%20ROOM%20100%2C+GRAND%20FORKS%2C+ND+58202
USAF- 319TH MEDICAL GROUP/SGSLM,1599 J STREET,BLDG. 109,"GRAND FORKS AFB, ND 58205",http://maps.google.com/maps?q=USAF%20TH%20MEDICAL%20GROUPSGSLM%2C1599%20J%20STREET%2C+GRAND%20FORKS%20AFB%2C+ND+58205
USPHS INDIAN HEALTH CENTER,WHITE EARTH,40520 CO. HWY 34,"OGEMA, MN 56569",http://maps.google.com/maps?q=USPHS%20INDIAN%20HEALTH%20CENTER%2CWHITE%20EARTH%2C+OGEMA%2C+MN+56569
W W INC,DBA THE MEDICINE SHOPPE,1605 SOUTH UNIVERSITY DRIVE,"FARGO, ND 58103",http://maps.google.com/maps?q=W%20W%20INC%2CDBA%20THE%20MEDICINE%20SHOPPE%2C+FARGO%2C+ND+58103
W W INC,DBA: THE MEDICINE SHOPPE,2800 NORTH BROADWAY,"FARGO, ND 58102",http://maps.google.com/maps?q=W%20W%20INC%2CDBA%3A%20THE%20MEDICINE%20SHOPPE%2C+FARGO%2C+ND+58102
WAHPETON DRUG CO,508 DAKOTA AVE,,"WAHPETON, ND 58075",http://maps.google.com/maps?q=WAHPETON%20DRUG%20CO%2C508%20DAKOTA%20AVE%2C+WAHPETON%2C+ND+58075
WALGREEN CO.,10686 UNIVERSITY AVE NW,,"COON RAPIDS, MN 55448",http://maps.google.com/maps?q=WALGREEN%20CO%2C10686%20UNIVERSITY%20AVE%20NW%2C+COON%20RAPIDS%2C+MN+55448
WALGREEN CO.,1075 HIGHWAY 96 EAST,,"WHITE BEAR LAKE, MN 55127",http://maps.google.com/maps?q=WALGREEN%20CO%2C1075%20HIGHWAY%2096%20EAST%2C+WHITE%20BEAR%20LAKE%2C+MN+55127
WALGREEN CO.,1270 MADISON AVENUE,,"MANKATO, MN 56001",http://maps.google.com/maps?q=WALGREEN%20CO%2C1270%20MADISON%20AVENUE%2C+MANKATO%2C+MN+56001
WALGREEN CO.,135 E BROADWAY,,"MONTICELLO, MN 55362",http://maps.google.com/maps?q=WALGREEN%20CO%2C135%20E%20BROADWAY%2C+MONTICELLO%2C+MN+55362
WALGREEN CO.,15250 CEDAR AVE,,"APPLE VALLEY, MN 55124",http://maps.google.com/maps?q=WALGREEN%20CO%2C15250%20CEDAR%20AVE%2C+APPLE%20VALLEY%2C+MN+55124
WALGREEN CO.,1965 DONEGAL DR,,"WOODBURY, MN 55125",http://maps.google.com/maps?q=WALGREEN%20CO%2C1965%20DONEGAL%20DR%2C+WOODBURY%2C+MN+55125
WALGREEN CO.,2505 W. DIVISION ST.,,"ST CLOUD, MN 56301",http://maps.google.com/maps?q=WALGREEN%20CO%2C2505%20W.%20DIVISION%20ST.%2C+ST%20CLOUD%2C+MN+56301
WALGREEN CO.,4547 HIAWATHA AVE,,"MINNEAPOLIS, MN 55406",http://maps.google.com/maps?q=WALGREEN%20CO%2C4547%20HIAWATHA%20AVE%2C+MINNEAPOLIS%2C+MN+55406
WALGREEN CO.,540 BLAKE ROAD N,,"HOPKINS, MN 55343",http://maps.google.com/maps?q=WALGREEN%20CO%2C540%20BLAKE%20ROAD%20N%2C+HOPKINS%2C+MN+55343
WALGREEN CO.,7135 E POINT DOUGLAS RD SOUTH,,"COTTAGE GROVE, MN 55016",http://maps.google.com/maps?q=WALGREEN%20CO%2C7135%20E%20POINT%20DOUGLAS%20RD%20SOUTH%2C+COTTAGE%20GROVE%2C+MN+55016
WALGREEN CO.,7700 BROOKLYN BLVD,,"BROOKLYN PARK, MN 55443",http://maps.google.com/maps?q=WALGREEN%20CO%2C7700%20BROOKLYN%20BLVD%2C+BROOKLYN%20PARK%2C+MN+55443
WALGREEN CO.,900 WEST AVE S,,"LA CROSSE, WI 54601",http://maps.google.com/maps?q=WALGREEN%20CO%2C900%20WEST%20AVE%20S%2C+LA%20CROSSE%2C+WI+54601
WALL'S MEDICINE CENTER INC,708 S WASHINGTON ST,,"GRAND FORKS, ND 58201",http://maps.google.com/maps?q=WALLS%20MEDICINE%20CENTER%20INC%2C708%20S%20WASHINGTON%20ST%2C+GRAND%20FORKS%2C+ND+58201
WALLS ALTRU PHARM INC D/B/A WALLS HEALTHMART PHARM,4440 S WASHINGTON ST STE 101-D,,"GRAND FORKS, ND 58201",http://maps.google.com/maps?q=WALLS%20ALTRU%20PHARM%20INC%20DBA%20WALLS%20HEALTHMART%20PHARM%2C4440%20S%20WASHINGTON%20ST%20STE%20101-D%2C+GRAND%20FORKS%2C+ND+58201
WESTFIELDS COMMUNITY PHARMACY,535 HOSPITAL RD,,"NEW RICHMOND, WI 54017",http://maps.google.com/maps?q=WESTFIELDS%20COMMUNITY%20PHARMACY%2C535%20HOSPITAL%20RD%2C+NEW%20RICHMOND%2C+WI+54017
WESTSIDE COMMUNITY HEALTH SERVICES PHARMACY,153 CESAR CHAVEZ ST,,"ST PAUL, MN 55107",http://maps.google.com/maps?q=WESTSIDE%20COMMUNITY%20HEALTH%20SERVICES%20PHARMACY%2C153%20CESAR%20CHAVEZ%20ST%2C+ST%20PAUL%2C+MN+55107
WHITE DRUG #009,2475 32ND AVE S STE 1,,"GRAND FORKS, ND 58201",http://maps.google.com/maps?q=WHITE%20DRUG%2C2475%2032ND%20AVE%20S%20STE%201%2C+GRAND%20FORKS%2C+ND+58201
WHITE DRUG #72,404 MAIN STREET,P.O. BOX 770,"LISBON, ND 58054",http://maps.google.com/maps?q=WHITE%20DRUG%2C404%20MAIN%20STREET%2C+LISBON%2C+ND+58054
WHITTIER CLINIC PHARMACY,2810 NICOLLET AVENUE SOUTH,,"MINNEAPOLIS, MN 55408",http://maps.google.com/maps?q=WHITTIER%20CLINIC%20PHARMACY%2C2810%20NICOLLET%20AVENUE%20SOUTH%2C+MINNEAPOLIS%2C+MN+55408
"WISCONSIN CVS PHARMACY, L.L.C.",2200 BRACKET AVE,,"EAU CLAIRE, WI 54701",http://maps.google.com/maps?q=WISCONSIN%20CVS%20PHARMACY%20LLC%2C2200%20BRACKET%20AVE%2C+EAU%20CLAIRE%2C+WI+54701
WOODROW WILSON KEEBLE MEMORIAL HEALTH CARE CTR,ATTN: PHARMACY,100 LAKE TRAVERSE DRIVE,"SISSETON, SD 57262",http://maps.google.com/maps?q=WOODROW%20WILSON%20KEEBLE%20MEMORIAL%20HEALTH%20CARE%20CTR%2CATTN%3A%20PHARMACY%2C+SISSETON%2C+SD+57262
