Business Name,Address 1,Address 2,"City, State Zip",Map URL
AHF PHARMACY,1858 CHESHIRE BRIDGE ROAD NE,,"ATLANTA, GA 30324",http://maps.google.com/maps?q=AHF%20PHARMACY%2C1858%20CHESHIRE%20BRIDGE%20ROAD%20NE%2C+ATLANTA%2C+GA+30324
AIDS HEALTHCARE FOUNDATION DBA AHF PHARMACY,4890 BLUEBONNET BLVD.,,"BATON ROUGE, LA 70809",http://maps.google.com/maps?q=AIDS%20HEALTHCARE%20FOUNDATION%20DBA%20AHF%20PHARMACY%2C4890%20BLUEBONNET%20BLVD.%2C+BATON%20ROUGE%2C+LA+70809
ALGIERS PHARMACY,3648 GENERAL DEGAULLE DRIVE,,"NEW ORLEANS, LA 70114",http://maps.google.com/maps?q=ALGIERS%20PHARMACY%2C3648%20GENERAL%20DEGAULLE%20DRIVE%2C+NEW%20ORLEANS%2C+LA+70114
"APOTHECARE,LLC",82 MAIN STREET,PO BOX 919,"MEADVILLE, MS 39653",http://maps.google.com/maps?q=APOTHECARELLC%2C82%20MAIN%20STREET%2C+MEADVILLE%2C+MS+39653
"AXUM MEDICAL SUPPLIES, LLC.",721 WEST 5TH ST.,,"LAPLACE, LA 70068",http://maps.google.com/maps?q=AXUM%20MEDICAL%20SUPPLIES%20LLC%2C721%20WEST%205TH%20ST.%2C+LAPLACE%2C+LA+70068
B S D INC,716 MADISON AVENUE,,"COVINGTON, KY 41011",http://maps.google.com/maps?q=B%20S%20D%20INC%2C716%20MADISON%20AVENUE%2C+COVINGTON%2C+KY+41011
BAPTIST HEALTH LEXINGTON RETAIL PHARMACY,1700 NICHOLASVILLE ROAD,SUITE N1210,"LEXINGTON, KY 40503",http://maps.google.com/maps?q=BAPTIST%20HEALTH%20LEXINGTON%20RETAIL%20PHARMACY%2C1700%20NICHOLASVILLE%20ROAD%2C+LEXINGTON%2C+KY+40503
BAPTIST HEALTH RICHMOND PROFESSIONAL PHARMACY,793 EASTERN BY-PASS,STE G-1,"RICHMOND, KY 40475",http://maps.google.com/maps?q=BAPTIST%20HEALTH%20RICHMOND%20PROFESSIONAL%20PHARMACY%2C793%20EASTERN%20BY-PASS%2C+RICHMOND%2C+KY+40475
BENZER LA1 LLC,2525 CANAL STREET,,"NEW ORLEANS, LA 70119",http://maps.google.com/maps?q=BENZER%20LA%20LLC%2C2525%20CANAL%20STREET%2C+NEW%20ORLEANS%2C+LA+70119
BLOUNTSTOWN DRUG INC,20370 CENTRAL AVE W,,"BLOUNTSTOWN, FL 32424",http://maps.google.com/maps?q=BLOUNTSTOWN%20DRUG%20INC%2C20370%20CENTRAL%20AVE%20W%2C+BLOUNTSTOWN%2C+FL+32424
BLUEGRASS DRUG STORE,150 WAR ADMIRAL,STE 1,"DANVILLE, KY 40422",http://maps.google.com/maps?q=BLUEGRASS%20DRUG%20STORE%2C150%20WAR%20ADMIRAL%2C+DANVILLE%2C+KY+40422
BRAY PHARMACY INC.,662 EAST MAIN ST.,,"FRANKFORT, KY 40601",http://maps.google.com/maps?q=BRAY%20PHARMACY%20INC%2C662%20EAST%20MAIN%20ST.%2C+FRANKFORT%2C+KY+40601
CANN MEDICAL CENTER,CINCINNATI HEALTH DEPARTMENT,5818 MADISON ROAD,"CINCINNATI, OH 45227",http://maps.google.com/maps?q=CANN%20MEDICAL%20CENTER%2CCINCINNATI%20HEALTH%20DEPARTMENT%2C+CINCINNATI%2C+OH+45227
CARE PLUS PHARMACY LLC,1665 HIGHWAY 34E,SUITE 100,"NEWNAN, GA 30265",http://maps.google.com/maps?q=CARE%20PLUS%20PHARMACY%20LLC%2C1665%20HIGHWAY%2034E%2C+NEWNAN%2C+GA+30265
"CARECENTER PHARMACY, L.L.C.",1 COCA COLA PLZ NW,,"ATLANTA, GA 30313",http://maps.google.com/maps?q=CARECENTER%20PHARMACY%20LLC%2C1%20COCA%20COLA%20PLZ%20NW%2C+ATLANTA%2C+GA+30313
CINCINNATI HEALTH DEPARTMENT,PRICE HILL HEALTH CENTER PHARMACY,2136 WEST 8TH STREET,"CINCINNATI, OH 45204",http://maps.google.com/maps?q=CINCINNATI%20HEALTH%20DEPARTMENT%2CPRICE%20HILL%20HEALTH%20CENTER%20PHARMACY%2C+CINCINNATI%2C+OH+45204
CINCINNATI HEALTH DEPT,2750 BEEKMAN STREET,,"CINCINNATI, OH 45225",http://maps.google.com/maps?q=CINCINNATI%20HEALTH%20DEPT%2C2750%20BEEKMAN%20STREET%2C+CINCINNATI%2C+OH+45225
CJ SANDLIN LLC,797 MILITARY STREET SOUTH,,"HAMILTON, AL 35570",http://maps.google.com/maps?q=CJ%20SANDLIN%20LLC%2C797%20MILITARY%20STREET%20SOUTH%2C+HAMILTON%2C+AL+35570
CLARK MEMORIAL HOSPITAL,1220 MISSOURI AVENUE,,"JEFFERSONVILLE, IN 47130",http://maps.google.com/maps?q=CLARK%20MEMORIAL%20HOSPITAL%2C1220%20MISSOURI%20AVENUE%2C+JEFFERSONVILLE%2C+IN+47130
CLERMONT MERCY HOSPITAL,3000 HOSPITAL DRIVE,,"BATAVIA, OH 45103",http://maps.google.com/maps?q=CLERMONT%20MERCY%20HOSPITAL%2C3000%20HOSPITAL%20DRIVE%2C+BATAVIA%2C+OH+45103
COLUMBUS REGIONAL HOSPITAL,ATTN PHCY,2400 E SEVENTEENTH STREET,"COLUMBUS, IN 47201",http://maps.google.com/maps?q=COLUMBUS%20REGIONAL%20HOSPITAL%2CATTN%20PHCY%2C+COLUMBUS%2C+IN+47201
CROWDERS UPTOWN DRUG STORE,631 16TH STREET,P.O. BOX 966,"BEDFORD, IN 47421",http://maps.google.com/maps?q=CROWDERS%20UPTOWN%20DRUG%20STORE%2C631%2016TH%20STREET%2C+BEDFORD%2C+IN+47421
DEBBIE'S DRUGS,1716 TEMPLE AVE N,,"FAYETTE, AL 35555",http://maps.google.com/maps?q=DEBBIES%20DRUGS%2C1716%20TEMPLE%20AVE%20N%2C+FAYETTE%2C+AL+35555
DECATUR CTY MEMORIAL HOSPITAL,720 NORTH LINCOLN ST,,"GREENSBURG, IN 47240",http://maps.google.com/maps?q=DECATUR%20CTY%20MEMORIAL%20HOSPITAL%2C720%20NORTH%20LINCOLN%20ST%2C+GREENSBURG%2C+IN+47240
DEVILLE PHARMACIES,DBA DILLSBORO DRUGS,12836 NORTH STREET,"DILLSBORO, IN 47018",http://maps.google.com/maps?q=DEVILLE%20PHARMACIES%2CDBA%20DILLSBORO%20DRUGS%2C+DILLSBORO%2C+IN+47018
ELDER CARE PHARMACY #2,4769 S. MAIN STREET,SUITE A,"ACWORTH, GA 30101",http://maps.google.com/maps?q=ELDER%20CARE%20PHARMACY%2C4769%20S.%20MAIN%20STREET%2C+ACWORTH%2C+GA+30101
ELDER-CARE PHARMACY,SUITE A,PO BOX 997,"HAWKINSVILLE, GA 31036",http://maps.google.com/maps?q=ELDERCARE%20PHARMACY%2CSUITE%20A%2C+HAWKINSVILLE%2C+GA+31036
ELM STREET HEALTH CENTER,ELM STREET HEALTH CENTER PHARMACY,1525 ELM STREET,"CINCINNATI, OH 45202",http://maps.google.com/maps?q=ELM%20STREET%20HEALTH%20CENTER%2CELM%20STREET%20HEALTH%20CENTER%20PHARMACY%2C+CINCINNATI%2C+OH+45202
EMORY CENTRE PHARMACY,527 EMORY DRIVE,,"OWENSBORO, KY 42301",http://maps.google.com/maps?q=EMORY%20CENTRE%20PHARMACY%2C527%20EMORY%20DRIVE%2C+OWENSBORO%2C+KY+42301
GENOA HEALTHCARE LLC,134 PREVATT ROAD,,"DOTHAN, AL 36301",http://maps.google.com/maps?q=GENOA%20HEALTHCARE%20LLC%2C134%20PREVATT%20ROAD%2C+DOTHAN%2C+AL+36301
"GENOA HEALTHCARE, LLC",1501 MADISON ROAD,3RD FL,"WALNUT HILLS, OH 45206",http://maps.google.com/maps?q=GENOA%20HEALTHCARE%20LLC%2C1501%20MADISON%20ROAD%2C+WALNUT%20HILLS%2C+OH+45206
"GENOA HEALTHCARE, LLC","43 E MAIN STREET, STE 113",,"AMELIA, OH 45102",http://maps.google.com/maps?q=GENOA%20HEALTHCARE%20LLC%2C43%20E%20MAIN%20STREET%2C%20STE%20113%2C+AMELIA%2C+OH+45102
"GEORGIA CVS PHARMACY, L.L.C.",100 OAK ST,,"BOWDON, GA 30108",http://maps.google.com/maps?q=GEORGIA%20CVS%20PHARMACY%20LLC%2C100%20OAK%20ST%2C+BOWDON%2C+GA+30108
"GEORGIA CVS PHARMACY, L.L.C.",103 JESSE JEWEL PARKWAY,,"GAINESVILLE, GA 30501",http://maps.google.com/maps?q=GEORGIA%20CVS%20PHARMACY%20LLC%2C103%20JESSE%20JEWEL%20PARKWAY%2C+GAINESVILLE%2C+GA+30501
"GEORGIA CVS PHARMACY, L.L.C.",1541 GEORGIA HIGHWAY 20,,"CONYERS, GA 30012",http://maps.google.com/maps?q=GEORGIA%20CVS%20PHARMACY%20LLC%2C1541%20GEORGIA%20HIGHWAY%2020%2C+CONYERS%2C+GA+30012
"GEORGIA CVS PHARMACY, L.L.C.",1600 TOWN LAKE PARKWAY,,"WOODSTOCK, GA 30189",http://maps.google.com/maps?q=GEORGIA%20CVS%20PHARMACY%20LLC%2C1600%20TOWN%20LAKE%20PARKWAY%2C+WOODSTOCK%2C+GA+30189
"GEORGIA CVS PHARMACY, L.L.C.",1905 MARTHA BERRY BLVD,,"ROME, GA 30165",http://maps.google.com/maps?q=GEORGIA%20CVS%20PHARMACY%20LLC%2C1905%20MARTHA%20BERRY%20BLVD%2C+ROME%2C+GA+30165
"GEORGIA CVS PHARMACY, L.L.C.",22 UPPER RIVERDALE ROAD,,"RIVERDALE, GA 30274",http://maps.google.com/maps?q=GEORGIA%20CVS%20PHARMACY%20LLC%2C22%20UPPER%20RIVERDALE%20ROAD%2C+RIVERDALE%2C+GA+30274
"GEORGIA CVS PHARMACY, L.L.C.",2738 NORTH DECATUR ROAD,,"DECATUR, GA 30033",http://maps.google.com/maps?q=GEORGIA%20CVS%20PHARMACY%20LLC%2C2738%20NORTH%20DECATUR%20ROAD%2C+DECATUR%2C+GA+30033
"GEORGIA CVS PHARMACY, L.L.C.",2782 NORTH COBB PARKWAY,,"KENNESAW, GA 30152",http://maps.google.com/maps?q=GEORGIA%20CVS%20PHARMACY%20LLC%2C2782%20NORTH%20COBB%20PARKWAY%2C+KENNESAW%2C+GA+30152
"GEORGIA CVS PHARMACY, L.L.C.",2830 N. DRUID HILLS RD. NE,,"ATLANTA, GA 30329",http://maps.google.com/maps?q=GEORGIA%20CVS%20PHARMACY%20LLC%2C2830%20N.%20DRUID%20HILLS%20RD.%20NE%2C+ATLANTA%2C+GA+30329
"GEORGIA CVS PHARMACY, L.L.C.",300 MORGAN STREET,,"LA GRANGE, GA 30241",http://maps.google.com/maps?q=GEORGIA%20CVS%20PHARMACY%20LLC%2C300%20MORGAN%20STREET%2C+LA%20GRANGE%2C+GA+30241
"GEORGIA CVS PHARMACY, L.L.C.",3617 HILTON AVE.,,"COLUMBUS, GA 31904",http://maps.google.com/maps?q=GEORGIA%20CVS%20PHARMACY%20LLC%2C3617%20HILTON%20AVE.%2C+COLUMBUS%2C+GA+31904
"GEORGIA CVS PHARMACY, L.L.C.",4183 HWY 278 NE,,"COVINGTON, GA 30014",http://maps.google.com/maps?q=GEORGIA%20CVS%20PHARMACY%20LLC%2C4183%20HWY%20278%20NE%2C+COVINGTON%2C+GA+30014
"GEORGIA CVS PHARMACY, L.L.C.",495 CHARLES HARDY PKWY,,"DALLAS, GA 30157",http://maps.google.com/maps?q=GEORGIA%20CVS%20PHARMACY%20LLC%2C495%20CHARLES%20HARDY%20PKWY%2C+DALLAS%2C+GA+30157
"GEORGIA CVS PHARMACY, L.L.C.",620 WEST PIKE STREET,,"LAWRENCEVILLE, GA 30046",http://maps.google.com/maps?q=GEORGIA%20CVS%20PHARMACY%20LLC%2C620%20WEST%20PIKE%20STREET%2C+LAWRENCEVILLE%2C+GA+30046
"GEORGIA CVS PHARMACY, L.L.C.",736 HWY 78 WEST,,"VILLA RICA, GA 30180",http://maps.google.com/maps?q=GEORGIA%20CVS%20PHARMACY%20LLC%2C736%20HWY%2078%20WEST%2C+VILLA%20RICA%2C+GA+30180
"GEORGIA CVS PHARMACY, L.L.C.","895 RALPH ABERNATHY BLVD., SW",,"ATLANTA, GA 30310",http://maps.google.com/maps?q=GEORGIA%20CVS%20PHARMACY%20LLC%2C895%20RALPH%20ABERNATHY%20BLVD.%2C%20SW%2C+ATLANTA%2C+GA+30310
"GEORGIA CVS PHARMACY, L.L.C.",965 JOE FRANK HARRIS PKWY SE,,"CARTERSVILLE, GA 30120",http://maps.google.com/maps?q=GEORGIA%20CVS%20PHARMACY%20LLC%2C965%20JOE%20FRANK%20HARRIS%20PKWY%20SE%2C+CARTERSVILLE%2C+GA+30120
GOOD SAMARITAN HOSPITAL,375 DIXMYTH AVENUE,,"CINCINNATI, OH 45220",http://maps.google.com/maps?q=GOOD%20SAMARITAN%20HOSPITAL%2C375%20DIXMYTH%20AVENUE%2C+CINCINNATI%2C+OH+45220
"HOLIDAY CVS, L.L.C.",5466 THOMASVILLE RD N,,"TALLAHASSEE, FL 32312",http://maps.google.com/maps?q=HOLIDAY%20CVS%20LLC%2C5466%20THOMASVILLE%20RD%20N%2C+TALLAHASSEE%2C+FL+32312
"HOOK-SUPERX, L.L.C.",1002 SPRING STREET,,"JEFFERSONVILLE, IN 47130",http://maps.google.com/maps?q=HOOKSUPERX%20LLC%2C1002%20SPRING%20STREET%2C+JEFFERSONVILLE%2C+IN+47130
"HOOK-SUPERX, L.L.C.",1950 STATE STREET,,"NEW ALBANY, IN 47150",http://maps.google.com/maps?q=HOOKSUPERX%20LLC%2C1950%20STATE%20STREET%2C+NEW%20ALBANY%2C+IN+47150
"HOOK-SUPERX, L.L.C.",201 EAST TIPTON STREET,,"SEYMOUR, IN 47274",http://maps.google.com/maps?q=HOOKSUPERX%20LLC%2C201%20EAST%20TIPTON%20STREET%2C+SEYMOUR%2C+IN+47274
"HOOK-SUPERX, L.L.C.",2423 N. NATIONAL RD.,,"COLUMBUS, IN 47201",http://maps.google.com/maps?q=HOOKSUPERX%20LLC%2C2423%20N.%20NATIONAL%20RD.%2C+COLUMBUS%2C+IN+47201
"HOOK-SUPERX, L.L.C.",7722 W STATE ROUTE 66,,"NEWBURGH, IN 47630",http://maps.google.com/maps?q=HOOKSUPERX%20LLC%2C7722%20W%20STATE%20ROUTE%2066%2C+NEWBURGH%2C+IN+47630
"HOOK-SUPERX, L.L.C.",930 N. GOSPEL ST,,"PAOLI, IN 47454",http://maps.google.com/maps?q=HOOKSUPERX%20LLC%2C930%20N.%20GOSPEL%20ST%2C+PAOLI%2C+IN+47454
KAISER PANOLA MED OFFICE PHARMACY,PANOLA MEDICAL OFFICE PHARMACY,5440 HILLANDALE DRIVE,"LITHONIA, GA 30058",http://maps.google.com/maps?q=KAISER%20PANOLA%20MED%20OFFICE%20PHARMACY%2CPANOLA%20MEDICAL%20OFFICE%20PHARMACY%2C+LITHONIA%2C+GA+30058
KAISER PERMANENTE CRESCENT CENTRE,CRESCENT CENTRE CENTRAL PHCY,200 CRESCENT CENTRE PARKWAY,"TUCKER, GA 30084",http://maps.google.com/maps?q=KAISER%20PERMANENTE%20CRESCENT%20CENTRE%2CCRESCENT%20CENTRE%20CENTRAL%20PHCY%2C+TUCKER%2C+GA+30084
KAISER PERMANENTE CUMBERLAND,CUMBERLAND MED OFFICE PHARMACY,2525 CUMBERLAND PARKWAY,"ATLANTA, GA 30339",http://maps.google.com/maps?q=KAISER%20PERMANENTE%20CUMBERLAND%2CCUMBERLAND%20MED%20OFFICE%20PHARMACY%2C+ATLANTA%2C+GA+30339
KAISER PERMANENTE FORSYTH PHARMACY,1400 NORTHSIDE FORSYTH DR. SUITE 350,,"CUMMING, GA 30041",http://maps.google.com/maps?q=KAISER%20PERMANENTE%20FORSYTH%20PHARMACY%2C1400%20NORTHSIDE%20FORSYTH%20DR.%20SUITE%20350%2C+CUMMING%2C+GA+30041
KAISER PERMANENTE GLENLAKE MED OFFICE,GLENLAKE MEDICAL OFFICE PHCY.,20 GLENLAKE PARKWAY,"ATLANTA, GA 30328",http://maps.google.com/maps?q=KAISER%20PERMANENTE%20GLENLAKE%20MED%20OFFICE%2CGLENLAKE%20MEDICAL%20OFFICE%20PHCY.%2C+ATLANTA%2C+GA+30328
KAISER PERMANENTE GWINNETT,3650 STEVE REYNOLDS BLVD,,"DULUTH, GA 30096",http://maps.google.com/maps?q=KAISER%20PERMANENTE%20GWINNETT%2C3650%20STEVE%20REYNOLDS%20BLVD%2C+DULUTH%2C+GA+30096
KAISER PERMANENTE SANDY SPRINGS PHARMACY,1100 LAKE HEARN DRIVE NE,,"ATLANTA, GA 30342",http://maps.google.com/maps?q=KAISER%20PERMANENTE%20SANDY%20SPRINGS%20PHARMACY%2C1100%20LAKE%20HEARN%20DRIVE%20NE%2C+ATLANTA%2C+GA+30342
KAISER PERMANENTE STONECREST,MEDICAL CENTER PHARMACY,8011 MALL PARKWAY,"LITHONIA, GA 30038",http://maps.google.com/maps?q=KAISER%20PERMANENTE%20STONECREST%2CMEDICAL%20CENTER%20PHARMACY%2C+LITHONIA%2C+GA+30038
KAISER PERMANENTE SUGAR HILL - BUFORD,MEDICAL CENTER PHARMACY,1435 BROADMOOR BOULEVARD,"SUGAR HILL, GA 30518",http://maps.google.com/maps?q=KAISER%20PERMANENTE%20SUGAR%20HILL%20%20BUFORD%2CMEDICAL%20CENTER%20PHARMACY%2C+SUGAR%20HILL%2C+GA+30518
KAISER PERMANENTE TOWNPARK,TOWNPARK MEDICAL OFFICE PHCY,750 TOWNPARK LANE,"KENNESAW, GA 30144",http://maps.google.com/maps?q=KAISER%20PERMANENTE%20TOWNPARK%2CTOWNPARK%20MEDICAL%20OFFICE%20PHCY%2C+KENNESAW%2C+GA+30144
KAISER PERMANENTE WEST COBB,3640 TRAMORE POINT PARKWAY,ATTN: PHARMACY,"AUSTELL, GA 30106",http://maps.google.com/maps?q=KAISER%20PERMANENTE%20WEST%20COBB%2C3640%20TRAMORE%20POINT%20PARKWAY%2C+AUSTELL%2C+GA+30106
KENTUCKY CLINIC PHARMACY,740 SOUTH LIMESTONE STREET,J-134 KENTUCKY CLINIC,"LEXINGTON, KY 40536",http://maps.google.com/maps?q=KENTUCKY%20CLINIC%20PHARMACY%2C740%20SOUTH%20LIMESTONE%20STREET%2C+LEXINGTON%2C+KY+40536
"KENTUCKY CVS PHARMACY, L.L.C.",101 WEST SHOWALTER DRIVE,,"GEORGETOWN, KY 40324",http://maps.google.com/maps?q=KENTUCKY%20CVS%20PHARMACY%20LLC%2C101%20WEST%20SHOWALTER%20DRIVE%2C+GEORGETOWN%2C+KY+40324
"KENTUCKY CVS PHARMACY, L.L.C.",1227 US HWY 127 S,,"FRANKFORT, KY 40601",http://maps.google.com/maps?q=KENTUCKY%20CVS%20PHARMACY%20LLC%2C1227%20US%20HWY%20127%20S%2C+FRANKFORT%2C+KY+40601
"KENTUCKY CVS PHARMACY, L.L.C.",1571 N DIXIE AVENUE,,"ELIZABETHTOWN, KY 42701",http://maps.google.com/maps?q=KENTUCKY%20CVS%20PHARMACY%20LLC%2C1571%20N%20DIXIE%20AVENUE%2C+ELIZABETHTOWN%2C+KY+42701
"KENTUCKY CVS PHARMACY, L.L.C.",2000 HARRODSBURG ROAD,,"LEXINGTON, KY 40503",http://maps.google.com/maps?q=KENTUCKY%20CVS%20PHARMACY%20LLC%2C2000%20HARRODSBURG%20ROAD%2C+LEXINGTON%2C+KY+40503
"KENTUCKY CVS PHARMACY, L.L.C.",2222 BARDSTOWN RD.,,"LOUISVILLE, KY 40205",http://maps.google.com/maps?q=KENTUCKY%20CVS%20PHARMACY%20LLC%2C2222%20BARDSTOWN%20RD.%2C+LOUISVILLE%2C+KY+40205
"KENTUCKY CVS PHARMACY, L.L.C.",3097 TODDS RD.,,"LEXINGTON, KY 40509",http://maps.google.com/maps?q=KENTUCKY%20CVS%20PHARMACY%20LLC%2C3097%20TODDS%20RD.%2C+LEXINGTON%2C+KY+40509
"KENTUCKY CVS PHARMACY, L.L.C.",3700 BARDSTOWN RD,,"LOUISVILLE, KY 40218",http://maps.google.com/maps?q=KENTUCKY%20CVS%20PHARMACY%20LLC%2C3700%20BARDSTOWN%20RD%2C+LOUISVILLE%2C+KY+40218
"KENTUCKY CVS PHARMACY, L.L.C.",5121 ANTLE DRIVE,,"LOUISVILLE, KY 40229",http://maps.google.com/maps?q=KENTUCKY%20CVS%20PHARMACY%20LLC%2C5121%20ANTLE%20DRIVE%2C+LOUISVILLE%2C+KY+40229
"KENTUCKY PHARMACY #1,LLC",182 FRANKFORT ROAD,,"SHELBYVILLE, KY 40065",http://maps.google.com/maps?q=KENTUCKY%20PHARMACY%20LLC%2C182%20FRANKFORT%20ROAD%2C+SHELBYVILLE%2C+KY+40065
LIFELINE INSTITUTIONAL PHARMACY,3699 SYMMES RD,SUITE 1,"HAMILTON, OH 45015",http://maps.google.com/maps?q=LIFELINE%20INSTITUTIONAL%20PHARMACY%2C3699%20SYMMES%20RD%2C+HAMILTON%2C+OH+45015
LINCOLN PLAZA PHARMACY LLC,629 LINCOLN AVE,P.O. BOX 966,"BEDFORD, IN 47421",http://maps.google.com/maps?q=LINCOLN%20PLAZA%20PHARMACY%20LLC%2C629%20LINCOLN%20AVE%2C+BEDFORD%2C+IN+47421
MAJORIA DRUGS,1805 METAIRIE RD,,"METAIRIE, LA 70005",http://maps.google.com/maps?q=MAJORIA%20DRUGS%2C1805%20METAIRIE%20RD%2C+METAIRIE%2C+LA+70005
"MARGARET MARY COMMUNITY HOSPITAL, INC",ATTN PHARMACY,321 MITCHELL AVENUE,"BATESVILLE, IN 47006",http://maps.google.com/maps?q=MARGARET%20MARY%20COMMUNITY%20HOSPITAL%20INC%2CATTN%20PHARMACY%2C+BATESVILLE%2C+IN+47006
MEMORIAL HOSPITAL & HLTH CARE,800 W. 9TH ST.,,"JASPER, IN 47546",http://maps.google.com/maps?q=MEMORIAL%20HOSPITAL%20%20HLTH%20CARE%2C800%20W.%209TH%20ST.%2C+JASPER%2C+IN+47546
MERCY HEALTH - WEST HOSPITAL,3300 MERCY HEALTH BOULEVARD,,"CINCINNATI, OH 45211",http://maps.google.com/maps?q=MERCY%20HEALTH%20%20WEST%20HOSPITAL%2C3300%20MERCY%20HEALTH%20BOULEVARD%2C+CINCINNATI%2C+OH+45211
MERCY HEALTH - WEST RETAIL PHARMACY,3300 MERCY HEALTH BOULEVARD,ATTN: PHARMACY DEPARTMENT,"CINCINNATI, OH 45211",http://maps.google.com/maps?q=MERCY%20HEALTH%20%20WEST%20RETAIL%20PHARMACY%2C3300%20MERCY%20HEALTH%20BOULEVARD%2C+CINCINNATI%2C+OH+45211
MERCY HOSPITAL,3000 MACK ROAD,ATTENTION PHARMACY LOWER LEVEL,"FAIRFIELD, OH 45014",http://maps.google.com/maps?q=MERCY%20HOSPITAL%2C3000%20MACK%20ROAD%2C+FAIRFIELD%2C+OH+45014
MERCY HOSPITAL-ANDERSON,7500 STATE ROAD,,"CINCINNATI, OH 45255",http://maps.google.com/maps?q=MERCY%20HOSPITALANDERSON%2C7500%20STATE%20ROAD%2C+CINCINNATI%2C+OH+45255
MIDDLE FLINT BEHAVIORAL HEALTHCARE PHARMACY,415 NORTH JACKSON STREET,,"AMERICUS, GA 31709",http://maps.google.com/maps?q=MIDDLE%20FLINT%20BEHAVIORAL%20HEALTHCARE%20PHARMACY%2C415%20NORTH%20JACKSON%20STREET%2C+AMERICUS%2C+GA+31709
MOUNTAINVIEW PHARMACY,1275 POWERS FERRY RD SE,SUITE 170,"MARIETTA, GA 30067",http://maps.google.com/maps?q=MOUNTAINVIEW%20PHARMACY%2C1275%20POWERS%20FERRY%20RD%20SE%2C+MARIETTA%2C+GA+30067
MS STATE VETERANS HOME,120 VETERANS BLVD,,"OXFORD, MS 38655",http://maps.google.com/maps?q=MS%20STATE%20VETERANS%20HOME%2C120%20VETERANS%20BLVD%2C+OXFORD%2C+MS+38655
MULLANEY'S LTC PHARMACY,6096 MONTGOMERY RD SUITE B,,"CINCINNATI, OH 45213",http://maps.google.com/maps?q=MULLANEYS%20LTC%20PHARMACY%2C6096%20MONTGOMERY%20RD%20SUITE%20B%2C+CINCINNATI%2C+OH+45213
NORTHSIDE HEALTH CENTER,CINCINNATI HEALTH DEPARTMENT,3917 SPRING GROVE AVE,"CINCINNATI, OH 45223",http://maps.google.com/maps?q=NORTHSIDE%20HEALTH%20CENTER%2CCINCINNATI%20HEALTH%20DEPARTMENT%2C+CINCINNATI%2C+OH+45223
OCHSNER PHARMACY AND WELLNESS - KENNER,200 WEST ESPLANADE AVE. SUITE 106,,"KENNER, LA 70065",http://maps.google.com/maps?q=OCHSNER%20PHARMACY%20AND%20WELLNESS%20%20KENNER%2C200%20WEST%20ESPLANADE%20AVE.%20SUITE%20106%2C+KENNER%2C+LA+70065
OCHSNER PHARMACY AND WELLNESS LLC,1514 JEFFERSON HWY,,"NEW ORLEANS, LA 70121",http://maps.google.com/maps?q=OCHSNER%20PHARMACY%20AND%20WELLNESS%20LLC%2C1514%20JEFFERSON%20HWY%2C+NEW%20ORLEANS%2C+LA+70121
"OHIO CVS STORES, L.L.C.",17 WILLIAM H. TAFT RD.,,"CINCINNATI, OH 45219",http://maps.google.com/maps?q=OHIO%20CVS%20STORES%20LLC%2C17%20WILLIAM%20H.%20TAFT%20RD.%2C+CINCINNATI%2C+OH+45219
PALLIATIVE PHARMACY SOLUTIONS,2338 MAIN ST,,"TUCKER, GA 30084",http://maps.google.com/maps?q=PALLIATIVE%20PHARMACY%20SOLUTIONS%2C2338%20MAIN%20ST%2C+TUCKER%2C+GA+30084
PARKER'S PHARMACY,9600 FLORIDA BLVD,SUITE 5,"BATON ROUGE, LA 70815",http://maps.google.com/maps?q=PARKERS%20PHARMACY%2C9600%20FLORIDA%20BLVD%2C+BATON%20ROUGE%2C+LA+70815
"PHARMACY CARE SOLUTIONS, INC",2323 N. MARR ROAD,,"COLUMBUS, IN 47203",http://maps.google.com/maps?q=PHARMACY%20CARE%20SOLUTIONS%20INC%2C2323%20N.%20MARR%20ROAD%2C+COLUMBUS%2C+IN+47203
PHARMBOY INVESTMENTS LLC,1230 HIGH STREET,PO BOX 455,"BRANDENBURG, KY 40108",http://maps.google.com/maps?q=PHARMBOY%20INVESTMENTS%20LLC%2C1230%20HIGH%20STREET%2C+BRANDENBURG%2C+KY+40108
POINTE COUPEE GENERAL HOSP,2202 FALSE RIVER DR,,"NEW ROADS, LA 70760",http://maps.google.com/maps?q=POINTE%20COUPEE%20GENERAL%20HOSP%2C2202%20FALSE%20RIVER%20DR%2C+NEW%20ROADS%2C+LA+70760
PREMIER DRUGSTORE,8446 CAMPBELLTON ST,,"DOUGLASVILLE, GA 30134",http://maps.google.com/maps?q=PREMIER%20DRUGSTORE%2C8446%20CAMPBELLTON%20ST%2C+DOUGLASVILLE%2C+GA+30134
RIVERSIDE PHARMACY,935 GREEN ST,,"GAINESVILLE, GA 30501",http://maps.google.com/maps?q=RIVERSIDE%20PHARMACY%2C935%20GREEN%20ST%2C+GAINESVILLE%2C+GA+30501
ST VINCENT JENNINGS HOSPITAL,301 HENRY STREET,,"NORTH VERNON, IN 47265",http://maps.google.com/maps?q=ST%20VINCENT%20JENNINGS%20HOSPITAL%2C301%20HENRY%20STREET%2C+NORTH%20VERNON%2C+IN+47265
"ST. VINCENT SALEM HOSPITAL, INC.",911 NORTH SHELBY STREET,,"SALEM, IN 47167",http://maps.google.com/maps?q=ST%20VINCENT%20SALEM%20HOSPITAL%20INC%2C911%20NORTH%20SHELBY%20STREET%2C+SALEM%2C+IN+47167
THE JEWISH HOSPITAL,4777 E. GALBRAITH ROAD,,"CINCINNATI, OH 45236",http://maps.google.com/maps?q=THE%20JEWISH%20HOSPITAL%2C4777%20E.%20GALBRAITH%20ROAD%2C+CINCINNATI%2C+OH+45236
UK PHARMACY SERVICES - TURFLAND,2195 HARRODSBURG RD,,"LEXINGTON, KY 40504",http://maps.google.com/maps?q=UK%20PHARMACY%20SERVICES%20%20TURFLAND%2C2195%20HARRODSBURG%20RD%2C+LEXINGTON%2C+KY+40504
UNIVERSITY MEDICAL CENTER,AMBULATORY CARE PHARMACY,530 SOUTH JACKSON STREET,"LOUISVILLE, KY 40202",http://maps.google.com/maps?q=UNIVERSITY%20MEDICAL%20CENTER%2CAMBULATORY%20CARE%20PHARMACY%2C+LOUISVILLE%2C+KY+40202
UNIVERSITY OF KENTUCKY,830 SOUTH LIMESTONE STREET,,"LEXINGTON, KY 40536",http://maps.google.com/maps?q=UNIVERSITY%20OF%20KENTUCKY%2C830%20SOUTH%20LIMESTONE%20STREET%2C+LEXINGTON%2C+KY+40536
UNIVERSITY OF KENTUCKY - GOOD SAMARITAN RETAIL,310 SOUTH LIMESTONE STREET,,"LEXINGTON, KY 40508",http://maps.google.com/maps?q=UNIVERSITY%20OF%20KENTUCKY%20%20GOOD%20SAMARITAN%20RETAIL%2C310%20SOUTH%20LIMESTONE%20STREET%2C+LEXINGTON%2C+KY+40508
UNIVERSITY OF KENTUCKY CHANDLER RETAIL PHARMACY,1000 SOUTH LIMESTONE STREET,RM A.01.114,"LEXINGTON, KY 40536",http://maps.google.com/maps?q=UNIVERSITY%20OF%20KENTUCKY%20CHANDLER%20RETAIL%20PHARMACY%2C1000%20SOUTH%20LIMESTONE%20STREET%2C+LEXINGTON%2C+KY+40536
UNIVERSITY OF LOUISVILLE HOSPITAL,401 EAST CHESTNUT STREET,,"LOUISVILLE, KY 40202",http://maps.google.com/maps?q=UNIVERSITY%20OF%20LOUISVILLE%20HOSPITAL%2C401%20EAST%20CHESTNUT%20STREET%2C+LOUISVILLE%2C+KY+40202
US ARMY- FT KNOX MAIN PX-PHARMACY,160 BINTER STREET,,"FORT KNOX, KY 40121",http://maps.google.com/maps?q=US%20ARMY%20FT%20KNOX%20MAIN%20PXPHARMACY%2C160%20BINTER%20STREET%2C+FORT%20KNOX%2C+KY+40121
US ARMY- IRELAND COMMUNITY HOSP/PHARM,289 IRELAND AVE BLDG 851,,"FORT KNOX, KY 40121",http://maps.google.com/maps?q=US%20ARMY%20IRELAND%20COMMUNITY%20HOSPPHARM%2C289%20IRELAND%20AVE%20BLDG%20851%2C+FORT%20KNOX%2C+KY+40121
US ARMY- LYSTER HOSPITAL,DEPARTMENT OF PHARMACY,BLDG 301 ANDREWS AVE.,"FORT RUCKER, AL 36362",http://maps.google.com/maps?q=US%20ARMY%20LYSTER%20HOSPITAL%2CDEPARTMENT%20OF%20PHARMACY%2C+FORT%20RUCKER%2C+AL+36362
USAF - KEESLER AFB MAIN PHARMACY,301 FISHER ST BLDG 0468,,"BILOXI, MS 39534",http://maps.google.com/maps?q=USAF%20%20KEESLER%20AFB%20MAIN%20PHARMACY%2C301%20FISHER%20ST%20BLDG%200468%2C+BILOXI%2C+MS+39534
USAF- KEESLER PHARMACY,301 FISHER ST BLDG 0468,,"KEESLER AFB, MS 39534",http://maps.google.com/maps?q=USAF%20KEESLER%20PHARMACY%2C301%20FISHER%20ST%20BLDG%200468%2C+KEESLER%20AFB%2C+MS+39534
USAF-14TH MEDICAL SQUADRON,201 INDEPENDENCE DR,STE 109 BLDG 1100,"COLUMBUS AFB, MS 39710",http://maps.google.com/maps?q=USAFTH%20MEDICAL%20SQUADRON%2C201%20INDEPENDENCE%20DR%2C+COLUMBUS%20AFB%2C+MS+39710
USAF-KEESLER MEDICAL CENTER,301 FISHER STREET BLDG 0468,,"KEESLER AFB, MS 39534",http://maps.google.com/maps?q=USAFKEESLER%20MEDICAL%20CENTER%2C301%20FISHER%20STREET%20BLDG%200468%2C+KEESLER%20AFB%2C+MS+39534
VA MEDICAL CENTER,2250 LEESTOWN ROAD,,"LEXINGTON, KY 40511",http://maps.google.com/maps?q=VA%20MEDICAL%20CENTER%2C2250%20LEESTOWN%20ROAD%2C+LEXINGTON%2C+KY+40511
"VILLAGE PHARMACY, INC.",3697 HWY 5,SUITE 6,"DOUGLASVILLE, GA 30135",http://maps.google.com/maps?q=VILLAGE%20PHARMACY%20INC%2C3697%20HWY%205%2C+DOUGLASVILLE%2C+GA+30135
"VITAL CARE OF MISS-LOU, INC",6280 HIGHWAY 129,PO BOX 37,"MONTEREY, LA 71354",http://maps.google.com/maps?q=VITAL%20CARE%20OF%20MISSLOU%20INC%2C6280%20HIGHWAY%20129%2C+MONTEREY%2C+LA+71354
WALGREEN CO,1081 GA HIGHWAY 96,,"WARNER ROBINS, GA 31088",http://maps.google.com/maps?q=WALGREEN%20CO%2C1081%20GA%20HIGHWAY%2096%2C+WARNER%20ROBINS%2C+GA+31088
WALGREEN CO,2414 SYLVESTER RD,,"ALBANY, GA 31705",http://maps.google.com/maps?q=WALGREEN%20CO%2C2414%20SYLVESTER%20RD%2C+ALBANY%2C+GA+31705
WALGREEN CO.,10 EAST MAY STREET,,"WINDER, GA 30680",http://maps.google.com/maps?q=WALGREEN%20CO%2C10%20EAST%20MAY%20STREET%2C+WINDER%2C+GA+30680
WALGREEN CO.,1032 HARRISON AVE,,"HARRISON, OH 45030",http://maps.google.com/maps?q=WALGREEN%20CO%2C1032%20HARRISON%20AVE%2C+HARRISON%2C+OH+45030
WALGREEN CO.,1145 U.S. 31 W. BYPASS,,"BOWLING GREEN, KY 42101",http://maps.google.com/maps?q=WALGREEN%20CO%2C1145%20U.S.%2031%20W.%20BYPASS%2C+BOWLING%20GREEN%2C+KY+42101
WALGREEN CO.,11930 STANDIFORD PLAZA DR,,"LOUISVILLE, KY 40229",http://maps.google.com/maps?q=WALGREEN%20CO%2C11930%20STANDIFORD%20PLAZA%20DR%2C+LOUISVILLE%2C+KY+40229
WALGREEN CO.,120 MARIETTA HIGHWAY,,"CANTON, GA 30114",http://maps.google.com/maps?q=WALGREEN%20CO%2C120%20MARIETTA%20HIGHWAY%2C+CANTON%2C+GA+30114
WALGREEN CO.,12101 SHELBYVILLE ROAD,,"MIDDLETOWN, KY 40243",http://maps.google.com/maps?q=WALGREEN%20CO%2C12101%20SHELBYVILLE%20ROAD%2C+MIDDLETOWN%2C+KY+40243
WALGREEN CO.,1402 OHIO AVENUE,,"LYNN HAVEN, FL 32444",http://maps.google.com/maps?q=WALGREEN%20CO%2C1402%20OHIO%20AVENUE%2C+LYNN%20HAVEN%2C+FL+32444
WALGREEN CO.,1497 CANTON MART RD,,"JACKSON, MS 39211",http://maps.google.com/maps?q=WALGREEN%20CO%2C1497%20CANTON%20MART%20RD%2C+JACKSON%2C+MS+39211
WALGREEN CO.,1510 MILSTEAD AVE NE,,"CONYERS, GA 30012",http://maps.google.com/maps?q=WALGREEN%20CO%2C1510%20MILSTEAD%20AVE%20NE%2C+CONYERS%2C+GA+30012
WALGREEN CO.,15371 DEDEAUX RD.,,"GULFPORT, MS 39503",http://maps.google.com/maps?q=WALGREEN%20CO%2C15371%20DEDEAUX%20RD.%2C+GULFPORT%2C+MS+39503
WALGREEN CO.,1602 N. DIXIE AVE,,"ELIZABETHTOWN, KY 42701",http://maps.google.com/maps?q=WALGREEN%20CO%2C1602%20N.%20DIXIE%20AVE%2C+ELIZABETHTOWN%2C+KY+42701
WALGREEN CO.,1855 HUDSON BRIDGE RD,,"STOCKBRIDGE, GA 30281",http://maps.google.com/maps?q=WALGREEN%20CO%2C1855%20HUDSON%20BRIDGE%20RD%2C+STOCKBRIDGE%2C+GA+30281
WALGREEN CO.,2 SOUTH GREENO RD,,"FAIRHOPE, AL 36532",http://maps.google.com/maps?q=WALGREEN%20CO%2C2%20SOUTH%20GREENO%20RD%2C+FAIRHOPE%2C+AL+36532
WALGREEN CO.,2001 HARRODSBURG RD,,"LEXINGTON, KY 40504",http://maps.google.com/maps?q=WALGREEN%20CO%2C2001%20HARRODSBURG%20RD%2C+LEXINGTON%2C+KY+40504
WALGREEN CO.,2015 STATE ST,,"NEW ALBANY, IN 47150",http://maps.google.com/maps?q=WALGREEN%20CO%2C2015%20STATE%20ST%2C+NEW%20ALBANY%2C+IN+47150
WALGREEN CO.,2021 HIKES LANE,,"LOUISIVILLE, KY 40218",http://maps.google.com/maps?q=WALGREEN%20CO%2C2021%20HIKES%20LANE%2C+LOUISIVILLE%2C+KY+40218
WALGREEN CO.,204 HIGHWAY 80 EAST,,"CLINTON, MS 39056",http://maps.google.com/maps?q=WALGREEN%20CO%2C204%20HIGHWAY%2080%20EAST%2C+CLINTON%2C+MS+39056
WALGREEN CO.,2318 FREDERICA STREET,,"OWENSBORO, KY 42301",http://maps.google.com/maps?q=WALGREEN%20CO%2C2318%20FREDERICA%20STREET%2C+OWENSBORO%2C+KY+42301
WALGREEN CO.,2320 BOUDINOT AVE.,,"CINCINNATI, OH 45238",http://maps.google.com/maps?q=WALGREEN%20CO%2C2320%20BOUDINOT%20AVE.%2C+CINCINNATI%2C+OH+45238
WALGREEN CO.,2360 STONY BROOK DRIVE,,"LOUISVILLE, KY 40220",http://maps.google.com/maps?q=WALGREEN%20CO%2C2360%20STONY%20BROOK%20DRIVE%2C+LOUISVILLE%2C+KY+40220
WALGREEN CO.,2400 BEAM ROAD,,"COLUMBUS, IN 47203",http://maps.google.com/maps?q=WALGREEN%20CO%2C2400%20BEAM%20ROAD%2C+COLUMBUS%2C+IN+47203
WALGREEN CO.,2464 ROSWELL RD.,,"MARIETTA, GA 30062",http://maps.google.com/maps?q=WALGREEN%20CO%2C2464%20ROSWELL%20RD.%2C+MARIETTA%2C+GA+30062
WALGREEN CO.,2515 CRAWFORD ROAD,,"PHENIX CITY, AL 36867",http://maps.google.com/maps?q=WALGREEN%20CO%2C2515%20CRAWFORD%20ROAD%2C+PHENIX%20CITY%2C+AL+36867
WALGREEN CO.,2670 COBB PARKWAY SE,,"SMYRNA, GA 30080",http://maps.google.com/maps?q=WALGREEN%20CO%2C2670%20COBB%20PARKWAY%20SE%2C+SMYRNA%2C+GA+30080
WALGREEN CO.,2779 N COBB PARKWAY,,"KENNESAW, GA 30152",http://maps.google.com/maps?q=WALGREEN%20CO%2C2779%20N%20COBB%20PARKWAY%2C+KENNESAW%2C+GA+30152
WALGREEN CO.,2811 HOLMANS LANE,,"JEFFERSONVILLE, IN 47130",http://maps.google.com/maps?q=WALGREEN%20CO%2C2811%20HOLMANS%20LANE%2C+JEFFERSONVILLE%2C+IN+47130
WALGREEN CO.,2940 WEST MAIN STREET,,"DOTHAN, AL 36305",http://maps.google.com/maps?q=WALGREEN%20CO%2C2940%20WEST%20MAIN%20STREET%2C+DOTHAN%2C+AL+36305
WALGREEN CO.,2990 FIVE FORKS TRICKUM RD,,"LAWRENCEVILLE, GA 30044",http://maps.google.com/maps?q=WALGREEN%20CO%2C2990%20FIVE%20FORKS%20TRICKUM%20RD%2C+LAWRENCEVILLE%2C+GA+30044
WALGREEN CO.,3 W CORRY STREET,,"CINCINNATI, OH 45219",http://maps.google.com/maps?q=WALGREEN%20CO%2C3%20W%20CORRY%20STREET%2C+CINCINNATI%2C+OH+45219
WALGREEN CO.,3531 THOMASVILLE ROAD,,"TALLAHASSEE, FL 32309",http://maps.google.com/maps?q=WALGREEN%20CO%2C3531%20THOMASVILLE%20ROAD%2C+TALLAHASSEE%2C+FL+32309
WALGREEN CO.,3740 CASCADE RD SW,,"ATLANTA, GA 30331",http://maps.google.com/maps?q=WALGREEN%20CO%2C3740%20CASCADE%20RD%20SW%2C+ATLANTA%2C+GA+30331
WALGREEN CO.,3800 PRINCETON LAKES PKWY SW,,"ATLANTA, GA 30331",http://maps.google.com/maps?q=WALGREEN%20CO%2C3800%20PRINCETON%20LAKES%20PKWY%20SW%2C+ATLANTA%2C+GA+30331
WALGREEN CO.,385 NORTHLAND BLVD,,"CINCINNATI, OH 45240",http://maps.google.com/maps?q=WALGREEN%20CO%2C385%20NORTHLAND%20BLVD%2C+CINCINNATI%2C+OH+45240
WALGREEN CO.,3948 AIRPORT BLVD,,"MOBILE, AL 36608",http://maps.google.com/maps?q=WALGREEN%20CO%2C3948%20AIRPORT%20BLVD%2C+MOBILE%2C+AL+36608
WALGREEN CO.,3980 DIXIE HWY,,"LOUISVILLE, KY 40216",http://maps.google.com/maps?q=WALGREEN%20CO%2C3980%20DIXIE%20HWY%2C+LOUISVILLE%2C+KY+40216
WALGREEN CO.,4090 E GALBRAITH RD,,"DEER PARK, OH 45236",http://maps.google.com/maps?q=WALGREEN%20CO%2C4090%20E%20GALBRAITH%20RD%2C+DEER%20PARK%2C+OH+45236
WALGREEN CO.,4120 AUSTELL RD,,"AUSTELL, GA 30106",http://maps.google.com/maps?q=WALGREEN%20CO%2C4120%20AUSTELL%20RD%2C+AUSTELL%2C+GA+30106
WALGREEN CO.,4398 ATLANTA HWY,,"LOGANVILLE, GA 30052",http://maps.google.com/maps?q=WALGREEN%20CO%2C4398%20ATLANTA%20HWY%2C+LOGANVILLE%2C+GA+30052
WALGREEN CO.,4605 MONTGOMERY ROAD,,"NORWOOD, OH 45212",http://maps.google.com/maps?q=WALGREEN%20CO%2C4605%20MONTGOMERY%20ROAD%2C+NORWOOD%2C+OH+45212
WALGREEN CO.,5201 S. THIRD ST.,,"LOUISVILLE, KY 40214",http://maps.google.com/maps?q=WALGREEN%20CO%2C5201%20S.%20THIRD%20ST.%2C+LOUISVILLE%2C+KY+40214
WALGREEN CO.,5320 MEMORIAL DR,,"STONE MOUNTAIN, GA 30083",http://maps.google.com/maps?q=WALGREEN%20CO%2C5320%20MEMORIAL%20DR%2C+STONE%20MOUNTAIN%2C+GA+30083
WALGREEN CO.,5403 N. BEND ROAD,,"CINCINNATI, OH 45247",http://maps.google.com/maps?q=WALGREEN%20CO%2C5403%20N.%20BEND%20ROAD%2C+CINCINNATI%2C+OH+45247
WALGREEN CO.,5985 PEACHTREE PKWY,,"NORCROSS, GA 30092",http://maps.google.com/maps?q=WALGREEN%20CO%2C5985%20PEACHTREE%20PKWY%2C+NORCROSS%2C+GA+30092
WALGREEN CO.,600 S HWY 27,,"SOMERSET, KY 42501",http://maps.google.com/maps?q=WALGREEN%20CO%2C600%20S%20HWY%2027%2C+SOMERSET%2C+KY+42501
WALGREEN CO.,6130 HWY 49,,"HATTIESBURG, MS 39401",http://maps.google.com/maps?q=WALGREEN%20CO%2C6130%20HWY%2049%2C+HATTIESBURG%2C+MS+39401
WALGREEN CO.,6918 HAMILTON AVE.,,"CINCINNATI, OH 45231",http://maps.google.com/maps?q=WALGREEN%20CO%2C6918%20HAMILTON%20AVE.%2C+CINCINNATI%2C+OH+45231
WALGREEN CO.,701 MARTHA BERRY BLVD NW,,"ROME, GA 30165",http://maps.google.com/maps?q=WALGREEN%20CO%2C701%20MARTHA%20BERRY%20BLVD%20NW%2C+ROME%2C+GA+30165
WALGREEN CO.,7338 DIXIE HWY,,"LOUISVILLE, KY 40258",http://maps.google.com/maps?q=WALGREEN%20CO%2C7338%20DIXIE%20HWY%2C+LOUISVILLE%2C+KY+40258
WALGREEN CO.,7530 ROSWELL RD,,"ATLANTA, GA 30350",http://maps.google.com/maps?q=WALGREEN%20CO%2C7530%20ROSWELL%20RD%2C+ATLANTA%2C+GA+30350
WALGREEN CO.,7769 W STATE RTE 66,,"NEWBURGH, IN 47630",http://maps.google.com/maps?q=WALGREEN%20CO%2C7769%20W%20STATE%20RTE%2066%2C+NEWBURGH%2C+IN+47630
WALGREEN CO.,794 SOUTH PARK ST,,"CARROLLTON, GA 30117",http://maps.google.com/maps?q=WALGREEN%20CO%2C794%20SOUTH%20PARK%20ST%2C+CARROLLTON%2C+GA+30117
WALGREEN CO.,817 W MAIN STREET,,"TUPELO, MS 38801",http://maps.google.com/maps?q=WALGREEN%20CO%2C817%20W%20MAIN%20STREET%2C+TUPELO%2C+MS+38801
WALGREEN CO.,8193 MALL ROAD,,"FLORENCE, KY 41042",http://maps.google.com/maps?q=WALGREEN%20CO%2C8193%20MALL%20ROAD%2C+FLORENCE%2C+KY+41042
WALGREEN CO.,900 RUCKER BLVD,,"ENTERPRISE, AL 36330",http://maps.google.com/maps?q=WALGREEN%20CO%2C900%20RUCKER%20BLVD%2C+ENTERPRISE%2C+AL+36330
WALGREEN CO.,934 SPRING ST,,"JEFFERSONVILLE, IN 47130",http://maps.google.com/maps?q=WALGREEN%20CO%2C934%20SPRING%20ST%2C+JEFFERSONVILLE%2C+IN+47130
WALGREEN CO.,9775 COLERAIN AVENUE,,"CINCINNATI, OH 45251",http://maps.google.com/maps?q=WALGREEN%20CO%2C9775%20COLERAIN%20AVENUE%2C+CINCINNATI%2C+OH+45251
"WALGREEN LOUISIANA CO., INC.",1203 BUSINESS HIGHWAY 190,,"COVINGTON, LA 70433",http://maps.google.com/maps?q=WALGREEN%20LOUISIANA%20CO%20INC%2C1203%20BUSINESS%20HIGHWAY%20190%2C+COVINGTON%2C+LA+70433
"WALGREEN LOUISIANA CO., INC.",1260 FRONT STREET,,"SLIDELL, LA 70458",http://maps.google.com/maps?q=WALGREEN%20LOUISIANA%20CO%20INC%2C1260%20FRONT%20STREET%2C+SLIDELL%2C+LA+70458
"WALGREEN LOUISIANA CO., INC.",3550 GOVERNMENT ST,,"BATON ROUGE, LA 70806",http://maps.google.com/maps?q=WALGREEN%20LOUISIANA%20CO%20INC%2C3550%20GOVERNMENT%20ST%2C+BATON%20ROUGE%2C+LA+70806
"WALGREEN LOUISIANA CO., INC.",410 CRESWELL LANE,,"OPELOUSAS, LA 70570",http://maps.google.com/maps?q=WALGREEN%20LOUISIANA%20CO%20INC%2C410%20CRESWELL%20LANE%2C+OPELOUSAS%2C+LA+70570
"WALGREEN LOUISIANA CO., INC.",4110 GENERAL DEGUALLE DR,,"NEW ORLEANS, LA 70131",http://maps.google.com/maps?q=WALGREEN%20LOUISIANA%20CO%20INC%2C4110%20GENERAL%20DEGUALLE%20DR%2C+NEW%20ORLEANS%2C+LA+70131
"WALGREEN LOUISIANA CO., INC.",4545 WEST ESPLANADE,,"METAIRIE, LA 70006",http://maps.google.com/maps?q=WALGREEN%20LOUISIANA%20CO%20INC%2C4545%20WEST%20ESPLANADE%2C+METAIRIE%2C+LA+70006
"WALGREEN LOUISIANA CO., INC.",4600 WESTBANK EXPRESSWAY,,"MARRERO, LA 70072",http://maps.google.com/maps?q=WALGREEN%20LOUISIANA%20CO%20INC%2C4600%20WESTBANK%20EXPRESSWAY%2C+MARRERO%2C+LA+70072
"WALGREEN LOUISIANA CO., INC.",4747 S SHERWOOD FOREST,,"BATON ROUGE, LA 70816",http://maps.google.com/maps?q=WALGREEN%20LOUISIANA%20CO%20INC%2C4747%20S%20SHERWOOD%20FOREST%2C+BATON%20ROUGE%2C+LA+70816
"WILLIAMS BROS. HEALTH CARE PHARMACY, INC",104 E. BROADWAY ST.,,"LOOGOOTEE, IN 47553",http://maps.google.com/maps?q=WILLIAMS%20BROS%20HEALTH%20CARE%20PHARMACY%20INC%2C104%20E.%20BROADWAY%20ST.%2C+LOOGOOTEE%2C+IN+47553
YOUNG BROTHERS PHARMACY INC,2 WEST MAIN STREET,,"CARTERSVILLE, GA 30120",http://maps.google.com/maps?q=YOUNG%20BROTHERS%20PHARMACY%20INC%2C2%20WEST%20MAIN%20STREET%2C+CARTERSVILLE%2C+GA+30120
