Business Name,Address 1,Address 2,"City, State Zip",Map URL
45TH MEDICAL GROUP SATELLITE PHARMACY,1361 S. PATRICK DRIVE,,"PATRICK AFB, FL 32925",http://maps.google.com/maps?q=TH%20MEDICAL%20GROUP%20SATELLITE%20PHARMACY%2C1361%20S.%20PATRICK%20DRIVE%2C+PATRICK%20AFB%2C+FL+32925
AIDS HEALTHCARE FOUNDATION,1701 NORTH MILLS AVENUE,,"ORLANDO, FL 32803",http://maps.google.com/maps?q=AIDS%20HEALTHCARE%20FOUNDATION%2C1701%20NORTH%20MILLS%20AVENUE%2C+ORLANDO%2C+FL+32803
AIDS HEALTHCARE FOUNDATION,2097 WILTON DR,,"WILTON MANORS, FL 33305",http://maps.google.com/maps?q=AIDS%20HEALTHCARE%20FOUNDATION%2C2097%20WILTON%20DR%2C+WILTON%20MANORS%2C+FL+33305
AIDS HEALTHCARE FOUNDATION,2900 N. BISCAYNE BLVD.,,"MIAMI, FL 33137",http://maps.google.com/maps?q=AIDS%20HEALTHCARE%20FOUNDATION%2C2900%20N.%20BISCAYNE%20BLVD.%2C+MIAMI%2C+FL+33137
AIDS HEALTHCARE FOUNDATION,3135 SR 580,SUITE 1,"SAFETY HARBOR, FL 34695",http://maps.google.com/maps?q=AIDS%20HEALTHCARE%20FOUNDATION%2C3135%20SR%20580%2C+SAFETY%20HARBOR%2C+FL+34695
AIDS HEALTHCARE FOUNDATION,3400 26TH AVE S,,"ST PETERSBURG, FL 33711",http://maps.google.com/maps?q=AIDS%20HEALTHCARE%20FOUNDATION%2C3400%2026TH%20AVE%20S%2C+ST%20PETERSBURG%2C+FL+33711
AIDS HEALTHCARE FOUNDATION,6405 N. FEDERAL HIGHWAY,#205,"FT LAUDERDALE, FL 33308",http://maps.google.com/maps?q=AIDS%20HEALTHCARE%20FOUNDATION%2C6405%20N.%20FEDERAL%20HIGHWAY%2C+FT%20LAUDERDALE%2C+FL+33308
AIDS HEALTHCARE FOUNDATION,700 SE 3RD AVENUE,SUITE 100,"FT LAUDERDALE, FL 33316",http://maps.google.com/maps?q=AIDS%20HEALTHCARE%20FOUNDATION%2C700%20SE%203RD%20AVENUE%2C+FT%20LAUDERDALE%2C+FL+33316
"AIDS HEALTHCARE FOUNDATION, DBA AHF PHARMACY",1785 E. SUNRISE BLVD.,,"FORT LAUDERDALE, FL 33304",http://maps.google.com/maps?q=AIDS%20HEALTHCARE%20FOUNDATION%20DBA%20AHF%20PHARMACY%2C1785%20E.%20SUNRISE%20BLVD.%2C+FORT%20LAUDERDALE%2C+FL+33304
ARTH LLC,1446  LEE BLVD,,"LEHIGH ACRES, FL 33936",http://maps.google.com/maps?q=ARTH%20LLC%2C1446%20%20LEE%20BLVD%2C+LEHIGH%20ACRES%2C+FL+33936
"ASPIRE HEALTH PARTNERS, INC.",PRINCETON PLAZA PHARMACY,1800 MERCY DRIVE,"ORLANDO, FL 32808",http://maps.google.com/maps?q=ASPIRE%20HEALTH%20PARTNERS%20INC%2CPRINCETON%20PLAZA%20PHARMACY%2C+ORLANDO%2C+FL+32808
BENZER FL 12 LLC,32733 EILAND BLVD SUITE 103,,"WESLEY CHAPEL, FL 33545",http://maps.google.com/maps?q=BENZER%20FL%20%20LLC%2C32733%20EILAND%20BLVD%20SUITE%20103%2C+WESLEY%20CHAPEL%2C+FL+33545
BENZER FL 13 LLC,5908 BRECKENRIDGE PARKWAY,,"TAMPA, FL 33610",http://maps.google.com/maps?q=BENZER%20FL%20%20LLC%2C5908%20BRECKENRIDGE%20PARKWAY%2C+TAMPA%2C+FL+33610
BENZER FL 14 LLC,"700 1ST ST S, SUITE 1",,"WINTER HAVEN, FL 33880",http://maps.google.com/maps?q=BENZER%20FL%20%20LLC%2C700%201ST%20ST%20S%2C%20SUITE%201%2C+WINTER%20HAVEN%2C+FL+33880
BENZER FL 15 LLC,11509 E MARTIN LUTHER KING JR BLVD,,"MANGO, FL 33550",http://maps.google.com/maps?q=BENZER%20FL%20%20LLC%2C11509%20E%20MARTIN%20LUTHER%20KING%20JR%20BLVD%2C+MANGO%2C+FL+33550
BENZER FL10 LLC,6056 VAN DYKE RD,,"LUTZ, FL 33558",http://maps.google.com/maps?q=BENZER%20FL%20LLC%2C6056%20VAN%20DYKE%20RD%2C+LUTZ%2C+FL+33558
BENZER FL11 LLC,2653 BRUCE B DOWNS BLVD SUITE 115,,"WESLEY CHAPEL, FL 33544",http://maps.google.com/maps?q=BENZER%20FL%20LLC%2C2653%20BRUCE%20B%20DOWNS%20BLVD%20SUITE%20115%2C+WESLEY%20CHAPEL%2C+FL+33544
BENZER FL3 LLC,105 S MOON AVE,,"BRANDON, FL 33511",http://maps.google.com/maps?q=BENZER%20FL%20LLC%2C105%20S%20MOON%20AVE%2C+BRANDON%2C+FL+33511
BENZER FL4 LLC,2722 W. OLD HIGHWAY 441,,"MOUNT DORA, FL 32757",http://maps.google.com/maps?q=BENZER%20FL%20LLC%2C2722%20W.%20OLD%20HIGHWAY%20441%2C+MOUNT%20DORA%2C+FL+32757
BENZER FL7 LLC,3535 US HWY 19,,"NEW PORT RICHEY, FL 34652",http://maps.google.com/maps?q=BENZER%20FL%20LLC%2C3535%20US%20HWY%2019%2C+NEW%20PORT%20RICHEY%2C+FL+34652
BENZER FL8 LLC,6280 66TH ST N,,"PINELLAS PARK, FL 33781",http://maps.google.com/maps?q=BENZER%20FL%20LLC%2C6280%2066TH%20ST%20N%2C+PINELLAS%20PARK%2C+FL+33781
BENZER FL9 LLC,14306 NORTH DALE MABRY HWY #D,,"TAMPA, FL 33618",http://maps.google.com/maps?q=BENZER%20FL%20LLC%2C14306%20NORTH%20DALE%20MABRY%20HWY%20#D%2C+TAMPA%2C+FL+33618
BENZER PHARMACY FL1 LLC,1250 NW 7TH STREET UNIT 101-102,,"MIAMI, FL 33125",http://maps.google.com/maps?q=BENZER%20PHARMACY%20FL%20LLC%2C1250%20NW%207TH%20STREET%20UNIT%20101-102%2C+MIAMI%2C+FL+33125
BENZER PHARMACY FL2 LLC,60 NE 1ST ST,,"POMPANO BEACH, FL 33060",http://maps.google.com/maps?q=BENZER%20PHARMACY%20FL%20LLC%2C60%20NE%201ST%20ST%2C+POMPANO%20BEACH%2C+FL+33060
"BROOKSVILLE DRUGS, INC.",80 PONCE DE LEON BLVD,,"BROOKSVILLE, FL 34601",http://maps.google.com/maps?q=BROOKSVILLE%20DRUGS%20INC%2C80%20PONCE%20DE%20LEON%20BLVD%2C+BROOKSVILLE%2C+FL+34601
COLLIER HEALTH SERVICES,1454 MADISON AVENUE W,,"IMMOKALEE, FL 34142",http://maps.google.com/maps?q=COLLIER%20HEALTH%20SERVICES%2C1454%20MADISON%20AVENUE%20W%2C+IMMOKALEE%2C+FL+34142
COLLIER HEALTH SERVICES,1755 HERITAGE TRAIL SUITE 604,,"NAPLES, FL 34112",http://maps.google.com/maps?q=COLLIER%20HEALTH%20SERVICES%2C1755%20HERITAGE%20TRAIL%20SUITE%20604%2C+NAPLES%2C+FL+34112
"CYPRESS PHARMACY, INC",9451 CYPRESS LAKE DR,,"FORT MYERS, FL 33919",http://maps.google.com/maps?q=CYPRESS%20PHARMACY%20INC%2C9451%20CYPRESS%20LAKE%20DR%2C+FORT%20MYERS%2C+FL+33919
EDWARDS PHARMACY OF INDIAN ROCKS LLC,12071 INDIAN ROCKS ROAD,,"LARGO, FL 33774",http://maps.google.com/maps?q=EDWARDS%20PHARMACY%20OF%20INDIAN%20ROCKS%20LLC%2C12071%20INDIAN%20ROCKS%20ROAD%2C+LARGO%2C+FL+33774
EXPRESS RX PHARMACY INC,3421 SW 8 ST,,"MIAMI, FL 33135",http://maps.google.com/maps?q=EXPRESS%20RX%20PHARMACY%20INC%2C3421%20SW%208%20ST%2C+MIAMI%2C+FL+33135
FOREST HILL PHARMACY LLC,2939 FOREST HILL BLVD,,"WEST PALM BEACH, FL 33406",http://maps.google.com/maps?q=FOREST%20HILL%20PHARMACY%20LLC%2C2939%20FOREST%20HILL%20BLVD%2C+WEST%20PALM%20BEACH%2C+FL+33406
"GULF COAST PHARMACY, LLC",6631 ORION DRIVE,SUITE 112,"FORT MYERS, FL 33912",http://maps.google.com/maps?q=GULF%20COAST%20PHARMACY%20LLC%2C6631%20ORION%20DRIVE%2C+FORT%20MYERS%2C+FL+33912
"HOLIDAY CVS, L.L.C.",101 HIALEAH DR,,"HIALEAH, FL 33010",http://maps.google.com/maps?q=HOLIDAY%20CVS%20LLC%2C101%20HIALEAH%20DR%2C+HIALEAH%2C+FL+33010
"HOLIDAY CVS, L.L.C.",105 S PEBBLE BEACH BLVD,,"SUN CITY CENTER, FL 33573",http://maps.google.com/maps?q=HOLIDAY%20CVS%20LLC%2C105%20S%20PEBBLE%20BEACH%20BLVD%2C+SUN%20CITY%20CENTER%2C+FL+33573
"HOLIDAY CVS, L.L.C.",10623 GIBSONTON DR,,"RIVERVIEW, FL 33569",http://maps.google.com/maps?q=HOLIDAY%20CVS%20LLC%2C10623%20GIBSONTON%20DR%2C+RIVERVIEW%2C+FL+33569
"HOLIDAY CVS, L.L.C.",10720 SW 72 STREET,,"MIAMI, FL 33173",http://maps.google.com/maps?q=HOLIDAY%20CVS%20LLC%2C10720%20SW%2072%20STREET%2C+MIAMI%2C+FL+33173
"HOLIDAY CVS, L.L.C.",110 BULLARD PKWY,,"TEMPLE TERRACE, FL 33617",http://maps.google.com/maps?q=HOLIDAY%20CVS%20LLC%2C110%20BULLARD%20PKWY%2C+TEMPLE%20TERRACE%2C+FL+33617
"HOLIDAY CVS, L.L.C.",11000 N. MILITARY TRAIL,,"PALM BEACH GARDENS, FL 33410",http://maps.google.com/maps?q=HOLIDAY%20CVS%20LLC%2C11000%20N.%20MILITARY%20TRAIL%2C+PALM%20BEACH%20GARDENS%2C+FL+33410
"HOLIDAY CVS, L.L.C.",11115 SPRING HILL DR,,"SPRING HILL, FL 34609",http://maps.google.com/maps?q=HOLIDAY%20CVS%20LLC%2C11115%20SPRING%20HILL%20DR%2C+SPRING%20HILL%2C+FL+34609
"HOLIDAY CVS, L.L.C.",1150 NE 26TH ST,,"WILTON MANORS, FL 33305",http://maps.google.com/maps?q=HOLIDAY%20CVS%20LLC%2C1150%20NE%2026TH%20ST%2C+WILTON%20MANORS%2C+FL+33305
"HOLIDAY CVS, L.L.C.",1205 W VINE ST,,"KISSIMMEE, FL 34741",http://maps.google.com/maps?q=HOLIDAY%20CVS%20LLC%2C1205%20W%20VINE%20ST%2C+KISSIMMEE%2C+FL+34741
"HOLIDAY CVS, L.L.C.",12650 SW 88TH ST.,,"MIAMI, FL 33186",http://maps.google.com/maps?q=HOLIDAY%20CVS%20LLC%2C12650%20SW%2088TH%20ST.%2C+MIAMI%2C+FL+33186
"HOLIDAY CVS, L.L.C.",12804 US HWY 301,,"DADE CITY, FL 33525",http://maps.google.com/maps?q=HOLIDAY%20CVS%20LLC%2C12804%20US%20HWY%20301%2C+DADE%20CITY%2C+FL+33525
"HOLIDAY CVS, L.L.C.",1350 LEE BLVD,,"LEHIGH ACRES, FL 33936",http://maps.google.com/maps?q=HOLIDAY%20CVS%20LLC%2C1350%20LEE%20BLVD%2C+LEHIGH%20ACRES%2C+FL+33936
"HOLIDAY CVS, L.L.C.",13749 SW 152ND ST,,"MIAMI, FL 33177",http://maps.google.com/maps?q=HOLIDAY%20CVS%20LLC%2C13749%20SW%20152ND%20ST%2C+MIAMI%2C+FL+33177
"HOLIDAY CVS, L.L.C.",13998 WALSINGHAM RD,,"LARGO, FL 33774",http://maps.google.com/maps?q=HOLIDAY%20CVS%20LLC%2C13998%20WALSINGHAM%20RD%2C+LARGO%2C+FL+33774
"HOLIDAY CVS, L.L.C.",15395 NW 82ND AVE.,,"MIAMI LAKES, FL 33016",http://maps.google.com/maps?q=HOLIDAY%20CVS%20LLC%2C15395%20NW%2082ND%20AVE.%2C+MIAMI%20LAKES%2C+FL+33016
"HOLIDAY CVS, L.L.C.",1700 S. FEDERAL HWY.,,"FORT LAUDERDALE, FL 33316",http://maps.google.com/maps?q=HOLIDAY%20CVS%20LLC%2C1700%20S.%20FEDERAL%20HWY.%2C+FORT%20LAUDERDALE%2C+FL+33316
"HOLIDAY CVS, L.L.C.",1800 E. HWY 50,,"CLERMONT, FL 34711",http://maps.google.com/maps?q=HOLIDAY%20CVS%20LLC%2C1800%20E.%20HWY%2050%2C+CLERMONT%2C+FL+34711
"HOLIDAY CVS, L.L.C.",1929 BRUCE B. DOWNS BLVD.,,"WESLEY CHAPEL, FL 33543",http://maps.google.com/maps?q=HOLIDAY%20CVS%20LLC%2C1929%20BRUCE%20B.%20DOWNS%20BLVD.%2C+WESLEY%20CHAPEL%2C+FL+33543
"HOLIDAY CVS, L.L.C.",2200 34TH STREET NORTH,,"SAINT PETERSBURG, FL 33713",http://maps.google.com/maps?q=HOLIDAY%20CVS%20LLC%2C2200%2034TH%20STREET%20NORTH%2C+SAINT%20PETERSBURG%2C+FL+33713
"HOLIDAY CVS, L.L.C.",2391 W. 68TH ST.,,"HIALEAH, FL 33016",http://maps.google.com/maps?q=HOLIDAY%20CVS%20LLC%2C2391%20W.%2068TH%20ST.%2C+HIALEAH%2C+FL+33016
"HOLIDAY CVS, L.L.C.",2500 SW 22ND ST,,"MIAMI, FL 33145",http://maps.google.com/maps?q=HOLIDAY%20CVS%20LLC%2C2500%20SW%2022ND%20ST%2C+MIAMI%2C+FL+33145
"HOLIDAY CVS, L.L.C.",30387 US HWY 19 N,,"CLEARWATER, FL 33761",http://maps.google.com/maps?q=HOLIDAY%20CVS%20LLC%2C30387%20US%20HWY%2019%20N%2C+CLEARWATER%2C+FL+33761
"HOLIDAY CVS, L.L.C.",3501 54TH AVE S,,"SAINT PETERSBURG, FL 33711",http://maps.google.com/maps?q=HOLIDAY%20CVS%20LLC%2C3501%2054TH%20AVE%20S%2C+SAINT%20PETERSBURG%2C+FL+33711
"HOLIDAY CVS, L.L.C.",3580 N FEDERAL HWY,,"LIGHTHOUSE POINT, FL 33064",http://maps.google.com/maps?q=HOLIDAY%20CVS%20LLC%2C3580%20N%20FEDERAL%20HWY%2C+LIGHTHOUSE%20POINT%2C+FL+33064
"HOLIDAY CVS, L.L.C.",37943 EILAND BLVD,,"ZEPHYRHILLS, FL 33542",http://maps.google.com/maps?q=HOLIDAY%20CVS%20LLC%2C37943%20EILAND%20BLVD%2C+ZEPHYRHILLS%2C+FL+33542
"HOLIDAY CVS, L.L.C.",403 N ALEXANDER ST,,"PLANT CITY, FL 33563",http://maps.google.com/maps?q=HOLIDAY%20CVS%20LLC%2C403%20N%20ALEXANDER%20ST%2C+PLANT%20CITY%2C+FL+33563
"HOLIDAY CVS, L.L.C.",4292 N ATLANTIC AVE,,"COCOA BEACH, FL 32931",http://maps.google.com/maps?q=HOLIDAY%20CVS%20LLC%2C4292%20N%20ATLANTIC%20AVE%2C+COCOA%20BEACH%2C+FL+32931
"HOLIDAY CVS, L.L.C.",4599 SHERIDAN ST.,,"HOLLYWOOD, FL 33021",http://maps.google.com/maps?q=HOLIDAY%20CVS%20LLC%2C4599%20SHERIDAN%20ST.%2C+HOLLYWOOD%2C+FL+33021
"HOLIDAY CVS, L.L.C.",5010 S FLORIDA AVE,,"LAKELAND, FL 33813",http://maps.google.com/maps?q=HOLIDAY%20CVS%20LLC%2C5010%20S%20FLORIDA%20AVE%2C+LAKELAND%2C+FL+33813
"HOLIDAY CVS, L.L.C.",5650 RED BUG LAKE RD,,"WINTER SPRINGS, FL 32708",http://maps.google.com/maps?q=HOLIDAY%20CVS%20LLC%2C5650%20RED%20BUG%20LAKE%20RD%2C+WINTER%20SPRINGS%2C+FL+32708
"HOLIDAY CVS, L.L.C.",6105 US HWY 98 N,,"LAKELAND, FL 33809",http://maps.google.com/maps?q=HOLIDAY%20CVS%20LLC%2C6105%20US%20HWY%2098%20N%2C+LAKELAND%2C+FL+33809
"HOLIDAY CVS, L.L.C.",611 S HOWARD AVE,,"TAMPA, FL 33606",http://maps.google.com/maps?q=HOLIDAY%20CVS%20LLC%2C611%20S%20HOWARD%20AVE%2C+TAMPA%2C+FL+33606
"HOLIDAY CVS, L.L.C.",65 E MAIN ST,,"APOPKA, FL 32703",http://maps.google.com/maps?q=HOLIDAY%20CVS%20LLC%2C65%20E%20MAIN%20ST%2C+APOPKA%2C+FL+32703
"HOLIDAY CVS, L.L.C.",6690 EAGLE NEST LN,,"MIAMI LAKES, FL 33014",http://maps.google.com/maps?q=HOLIDAY%20CVS%20LLC%2C6690%20EAGLE%20NEST%20LN%2C+MIAMI%20LAKES%2C+FL+33014
"HOLIDAY CVS, L.L.C.",6701 N. DALE MABRY HWY.,,"TAMPA, FL 33614",http://maps.google.com/maps?q=HOLIDAY%20CVS%20LLC%2C6701%20N.%20DALE%20MABRY%20HWY.%2C+TAMPA%2C+FL+33614
"HOLIDAY CVS, L.L.C.",690 NW 57TH AVE.,,"MIAMI, FL 33126",http://maps.google.com/maps?q=HOLIDAY%20CVS%20LLC%2C690%20NW%2057TH%20AVE.%2C+MIAMI%2C+FL+33126
"HOLIDAY CVS, L.L.C.",704 W MARTIN LUTHER KING JR BLVD,,"SEFFNER, FL 33584",http://maps.google.com/maps?q=HOLIDAY%20CVS%20LLC%2C704%20W%20MARTIN%20LUTHER%20KING%20JR%20BLVD%2C+SEFFNER%2C+FL+33584
"HOLIDAY CVS, L.L.C.",7300 CURRY FORD RD.,,"ORLANDO, FL 32822",http://maps.google.com/maps?q=HOLIDAY%20CVS%20LLC%2C7300%20CURRY%20FORD%20RD.%2C+ORLANDO%2C+FL+32822
"HOLIDAY CVS, L.L.C.",7599 W SAND LAKE RD,,"ORLANDO, FL 32819",http://maps.google.com/maps?q=HOLIDAY%20CVS%20LLC%2C7599%20W%20SAND%20LAKE%20RD%2C+ORLANDO%2C+FL+32819
"HOLIDAY CVS, L.L.C.",8001 9TH ST N,,"SAINT PETERSBURG, FL 33702",http://maps.google.com/maps?q=HOLIDAY%20CVS%20LLC%2C8001%209TH%20ST%20N%2C+SAINT%20PETERSBURG%2C+FL+33702
"HOLIDAY CVS, L.L.C.",8603 WEST HILLSBOROUGH AVE,,"TAMPA, FL 33615",http://maps.google.com/maps?q=HOLIDAY%20CVS%20LLC%2C8603%20WEST%20HILLSBOROUGH%20AVE%2C+TAMPA%2C+FL+33615
"HOLIDAY CVS, L.L.C.",8695 CORAL WAY,,"MIAMI, FL 33155",http://maps.google.com/maps?q=HOLIDAY%20CVS%20LLC%2C8695%20CORAL%20WAY%2C+MIAMI%2C+FL+33155
"HOLIDAY CVS, L.L.C.",8765 S. DIXIE HWY.,,"MIAMI, FL 33143",http://maps.google.com/maps?q=HOLIDAY%20CVS%20LLC%2C8765%20S.%20DIXIE%20HWY.%2C+MIAMI%2C+FL+33143
"HOLIDAY CVS, L.L.C.",9031 SW 107TH AVE,,"MIAMI, FL 33176",http://maps.google.com/maps?q=HOLIDAY%20CVS%20LLC%2C9031%20SW%20107TH%20AVE%2C+MIAMI%2C+FL+33176
"HOLIDAY CVS, L.L.C.",9940 YAMATO RD.,,"BOCA RATON, FL 33434",http://maps.google.com/maps?q=HOLIDAY%20CVS%20LLC%2C9940%20YAMATO%20RD.%2C+BOCA%20RATON%2C+FL+33434
HOLMES REGIONAL MEDICAL CENTER INC,1350  S HICKORY STREET,,"MELBOURNE, FL 32901",http://maps.google.com/maps?q=HOLMES%20REGIONAL%20MEDICAL%20CENTER%20INC%2C1350%20%20S%20HICKORY%20STREET%2C+MELBOURNE%2C+FL+32901
"HOLMES REGIONAL MEDICAL CENTER, INC",8725 N WICKHAM RD.,SUITE 102,"MELBOURNE, FL 32940",http://maps.google.com/maps?q=HOLMES%20REGIONAL%20MEDICAL%20CENTER%20INC%2C8725%20N%20WICKHAM%20RD.%2C+MELBOURNE%2C+FL+32940
"HOLMES REGIONAL MEDICAL CENTER, INC.",1223 GATEWAY DRIVE,,"MELBOURNE, FL 32901",http://maps.google.com/maps?q=HOLMES%20REGIONAL%20MEDICAL%20CENTER%20INC%2C1223%20GATEWAY%20DRIVE%2C+MELBOURNE%2C+FL+32901
J-M WARD ENTERPRISES LLC,9048 BONITA BEACH RD SE,,"BONITA SPRINGS, FL 34135",http://maps.google.com/maps?q=JM%20WARD%20ENTERPRISES%20LLC%2C9048%20BONITA%20BEACH%20RD%20SE%2C+BONITA%20SPRINGS%2C+FL+34135
LEMON BAY DRUGS NORTH INC,13221 TAMIAMI TRAIL,,"NORTH PORT, FL 34287",http://maps.google.com/maps?q=LEMON%20BAY%20DRUGS%20NORTH%20INC%2C13221%20TAMIAMI%20TRAIL%2C+NORTH%20PORT%2C+FL+34287
LINCOURT PHARMACY,501 S LINCOLN AVE,,"CLEARWATER, FL 33756",http://maps.google.com/maps?q=LINCOURT%20PHARMACY%2C501%20S%20LINCOLN%20AVE%2C+CLEARWATER%2C+FL+33756
MEDROCK PHARMACY LLC,3209 TAMPA ROAD,,"PALM HARBOR, FL 34684",http://maps.google.com/maps?q=MEDROCK%20PHARMACY%20LLC%2C3209%20TAMPA%20ROAD%2C+PALM%20HARBOR%2C+FL+34684
"OHM PHARMACY SERVICES ,INC",301 HAVENDALE BLVD,,"AUBURNDALE, FL 33823",http://maps.google.com/maps?q=OHM%20PHARMACY%20SERVICES%20INC%2C301%20HAVENDALE%20BLVD%2C+AUBURNDALE%2C+FL+33823
"PALMA CEIA HEALTH MART PHARMACY, INC.","2506 S. MACDILL AVE., STE A",,"TAMPA, FL 33629",http://maps.google.com/maps?q=PALMA%20CEIA%20HEALTH%20MART%20PHARMACY%20INC%2C2506%20S.%20MACDILL%20AVE.%2C%20STE%20A%2C+TAMPA%2C+FL+33629
PHARMACARE,7101 KINGFISHER ST.,BLDG 934,"TAMPA, FL 33621",http://maps.google.com/maps?q=PHARMACARE%2C7101%20KINGFISHER%20ST.%2C+TAMPA%2C+FL+33621
PINE BROOK PHARMACY LLC,11373 CORTEZ BLVD,SUITE 101,"BROOKSVILLE, FL 34613",http://maps.google.com/maps?q=PINE%20BROOK%20PHARMACY%20LLC%2C11373%20CORTEZ%20BLVD%2C+BROOKSVILLE%2C+FL+34613
RURAL HEALTH CARE INC,PHARMACY,306 UNION AVENUE,"CRESCENT CITY, FL 32112",http://maps.google.com/maps?q=RURAL%20HEALTH%20CARE%20INC%2CPHARMACY%2C+CRESCENT%20CITY%2C+FL+32112
RX CARE 10 LLC,3795 TAMIAMI TRAIL E,,"NAPLES, FL 34112",http://maps.google.com/maps?q=RX%20CARE%20%20LLC%2C3795%20TAMIAMI%20TRAIL%20E%2C+NAPLES%2C+FL+34112
RX CARE 11 LLC,13020 LIVINGSTON ROAD,SUITE 8,"NAPLES, FL 34105",http://maps.google.com/maps?q=RX%20CARE%20%20LLC%2C13020%20LIVINGSTON%20ROAD%2C+NAPLES%2C+FL+34105
RX CARE 12 LLC,2309 WEST WOOLBRIGHT ROAD,SUITE 4,"BOYNTON BEACH, FL 33426",http://maps.google.com/maps?q=RX%20CARE%20%20LLC%2C2309%20WEST%20WOOLBRIGHT%20ROAD%2C+BOYNTON%20BEACH%2C+FL+33426
RX CARE 16 LLC,401 NORTH WICKHAM ROAD,SUITE W,"MELBOURNE, FL 32935",http://maps.google.com/maps?q=RX%20CARE%20%20LLC%2C401%20NORTH%20WICKHAM%20ROAD%2C+MELBOURNE%2C+FL+32935
"RX CARE 17, LLC",5431 N STATE RD 7,,"TAMARAC, FL 33319",http://maps.google.com/maps?q=RX%20CARE%20%20LLC%2C5431%20N%20STATE%20RD%207%2C+TAMARAC%2C+FL+33319
"RX CARE 7, LLC",1426 S PINE AVE,,"OCALA, FL 34471",http://maps.google.com/maps?q=RX%20CARE%20%20LLC%2C1426%20S%20PINE%20AVE%2C+OCALA%2C+FL+34471
RX CARE FOUR LLC,1270 MALABAR RD S.E,SUITE #2,"PALM BAY, FL 32907",http://maps.google.com/maps?q=RX%20CARE%20FOUR%20LLC%2C1270%20MALABAR%20RD%20S.E%2C+PALM%20BAY%2C+FL+32907
RX CARE OF LADY LAKE INC,725 COUNTY ROAD 466,,"LADY LAKE, FL 32159",http://maps.google.com/maps?q=RX%20CARE%20OF%20LADY%20LAKE%20INC%2C725%20COUNTY%20ROAD%20466%2C+LADY%20LAKE%2C+FL+32159
RX CARE SPECIALTY PHARMACY LLC,2812 W. MLK BLVD,,"TAMPA, FL 33607",http://maps.google.com/maps?q=RX%20CARE%20SPECIALTY%20PHARMACY%20LLC%2C2812%20W.%20MLK%20BLVD%2C+TAMPA%2C+FL+33607
RX PLUS PHARMACY LLC,717 W LANCASTER ROAD,,"ORLANDO, FL 32809",http://maps.google.com/maps?q=RX%20PLUS%20PHARMACY%20LLC%2C717%20W%20LANCASTER%20ROAD%2C+ORLANDO%2C+FL+32809
SOFKO LLC,4900 LINTON BLVD,STE 24,"DELRAY BEACH, FL 33445",http://maps.google.com/maps?q=SOFKO%20LLC%2C4900%20LINTON%20BLVD%2C+DELRAY%20BEACH%2C+FL+33445
USAF MACDILL AFB BRANDON CLINIC,220 GRAND REGENCY BLVD,ATTN:  PHARMACY FLIGHT,"BRANDON, FL 33510",http://maps.google.com/maps?q=USAF%20MACDILL%20AFB%20BRANDON%20CLINIC%2C220%20GRAND%20REGENCY%20BLVD%2C+BRANDON%2C+FL+33510
USAF- 6 MEDICAL GROUP/SGSL,3250 ZEMKE AVENUE,BLDG. 1078,"TAMPA, FL 33621",http://maps.google.com/maps?q=USAF%20%20MEDICAL%20GROUPSGSL%2C3250%20ZEMKE%20AVENUE%2C+TAMPA%2C+FL+33621
WALGREEN CO,8 NW MAIN ST,,"WILLISTON, FL 32696",http://maps.google.com/maps?q=WALGREEN%20CO%2C8%20NW%20MAIN%20ST%2C+WILLISTON%2C+FL+32696
WALGREEN CO.,104 S APOPKA AVE,,"INVERNESS, FL 34452",http://maps.google.com/maps?q=WALGREEN%20CO%2C104%20S%20APOPKA%20AVE%2C+INVERNESS%2C+FL+34452
WALGREEN CO.,11079 S MILITARY TRAIL,,"BOYNTON BEACH, FL 33436",http://maps.google.com/maps?q=WALGREEN%20CO%2C11079%20S%20MILITARY%20TRAIL%2C+BOYNTON%20BEACH%2C+FL+33436
WALGREEN CO.,1111 W VINE STREET,,"KISSIMMEE, FL 34741",http://maps.google.com/maps?q=WALGREEN%20CO%2C1111%20W%20VINE%20STREET%2C+KISSIMMEE%2C+FL+34741
WALGREEN CO.,11690 SW 72ND ST,,"MIAMI, FL 33173",http://maps.google.com/maps?q=WALGREEN%20CO%2C11690%20SW%2072ND%20ST%2C+MIAMI%2C+FL+33173
WALGREEN CO.,12001 SOUTHERN BLVD,,"LOXAHATCHEE, FL 33470",http://maps.google.com/maps?q=WALGREEN%20CO%2C12001%20SOUTHERN%20BLVD%2C+LOXAHATCHEE%2C+FL+33470
WALGREEN CO.,12100 S. APOPKA VINELAND RD.,,"ORLANDO, FL 32836",http://maps.google.com/maps?q=WALGREEN%20CO%2C12100%20S.%20APOPKA%20VINELAND%20RD.%2C+ORLANDO%2C+FL+32836
WALGREEN CO.,12279 LAKE UNDERHILL RD,,"ORLANDO, FL 32825",http://maps.google.com/maps?q=WALGREEN%20CO%2C12279%20LAKE%20UNDERHILL%20RD%2C+ORLANDO%2C+FL+32825
WALGREEN CO.,12749 S. CLEVELAND AVENUE,,"FT MYERS, FL 33907",http://maps.google.com/maps?q=WALGREEN%20CO%2C12749%20S.%20CLEVELAND%20AVENUE%2C+FT%20MYERS%2C+FL+33907
WALGREEN CO.,1350 N. WICKHAM RD.,,"MELBOURNE, FL 32935",http://maps.google.com/maps?q=WALGREEN%20CO%2C1350%20N.%20WICKHAM%20RD.%2C+MELBOURNE%2C+FL+32935
WALGREEN CO.,14004 WALSINGHAM RD,,"LARGO, FL 33774",http://maps.google.com/maps?q=WALGREEN%20CO%2C14004%20WALSINGHAM%20RD%2C+LARGO%2C+FL+33774
WALGREEN CO.,1477 MAIN STREET,,"DUNEDIN, FL 34698",http://maps.google.com/maps?q=WALGREEN%20CO%2C1477%20MAIN%20STREET%2C+DUNEDIN%2C+FL+34698
WALGREEN CO.,15295 COLLIER BLVD,,"NAPLES, FL 34119",http://maps.google.com/maps?q=WALGREEN%20CO%2C15295%20COLLIER%20BLVD%2C+NAPLES%2C+FL+34119
WALGREEN CO.,15911 PINES BLVD.,,"PEMBROKE PINES, FL 33027",http://maps.google.com/maps?q=WALGREEN%20CO%2C15911%20PINES%20BLVD.%2C+PEMBROKE%20PINES%2C+FL+33027
WALGREEN CO.,1705 US HWY 1,,"VERO BEACH, FL 32960",http://maps.google.com/maps?q=WALGREEN%20CO%2C1705%20US%20HWY%201%2C+VERO%20BEACH%2C+FL+32960
WALGREEN CO.,17534 COLLINS AVE,,"SUNNY ISLES BEACH, FL 33160",http://maps.google.com/maps?q=WALGREEN%20CO%2C17534%20COLLINS%20AVE%2C+SUNNY%20ISLES%20BEACH%2C+FL+33160
WALGREEN CO.,1780 N. UNIVERSITY  DR.,,"PLANTATION, FL 33322",http://maps.google.com/maps?q=WALGREEN%20CO%2C1780%20N.%20UNIVERSITY%20%20DR.%2C+PLANTATION%2C+FL+33322
WALGREEN CO.,1800 W INDIANTOWN RD,,"JUPITER, FL 33458",http://maps.google.com/maps?q=WALGREEN%20CO%2C1800%20W%20INDIANTOWN%20RD%2C+JUPITER%2C+FL+33458
WALGREEN CO.,18910 US HWY 441,,"MT DORA, FL 32757",http://maps.google.com/maps?q=WALGREEN%20CO%2C18910%20US%20HWY%20441%2C+MT%20DORA%2C+FL+32757
WALGREEN CO.,1920 ALOMA AVE.,,"WINTER PARK, FL 32792",http://maps.google.com/maps?q=WALGREEN%20CO%2C1920%20ALOMA%20AVE.%2C+WINTER%20PARK%2C+FL+32792
WALGREEN CO.,19935 NW 2ND AVE,,"MIAMI, FL 33169",http://maps.google.com/maps?q=WALGREEN%20CO%2C19935%20NW%202ND%20AVE%2C+MIAMI%2C+FL+33169
WALGREEN CO.,2115 E HILLSBOROUGH AVE,,"TAMPA, FL 33610",http://maps.google.com/maps?q=WALGREEN%20CO%2C2115%20E%20HILLSBOROUGH%20AVE%2C+TAMPA%2C+FL+33610
WALGREEN CO.,21880 STATE ROAD 7,,"BOCA RATON, FL 33428",http://maps.google.com/maps?q=WALGREEN%20CO%2C21880%20STATE%20ROAD%207%2C+BOCA%20RATON%2C+FL+33428
WALGREEN CO.,2227 N YOUNG BLVD,,"CHIEFLAND, FL 32626",http://maps.google.com/maps?q=WALGREEN%20CO%2C2227%20N%20YOUNG%20BLVD%2C+CHIEFLAND%2C+FL+32626
WALGREEN CO.,2355 NE 26TH STREET,,"FT LAUDERDALE, FL 33305",http://maps.google.com/maps?q=WALGREEN%20CO%2C2355%20NE%2026TH%20STREET%2C+FT%20LAUDERDALE%2C+FL+33305
WALGREEN CO.,2480 US HIGHWAY 19,,"HOLIDAY, FL 34691",http://maps.google.com/maps?q=WALGREEN%20CO%2C2480%20US%20HIGHWAY%2019%2C+HOLIDAY%2C+FL+34691
WALGREEN CO.,2700 W. FLAGLER STREET,,"MIAMI, FL 33135",http://maps.google.com/maps?q=WALGREEN%20CO%2C2700%20W.%20FLAGLER%20STREET%2C+MIAMI%2C+FL+33135
WALGREEN CO.,2940 SOUTH MCCALL RD,,"ENGLEWOOD, FL 34224",http://maps.google.com/maps?q=WALGREEN%20CO%2C2940%20SOUTH%20MCCALL%20RD%2C+ENGLEWOOD%2C+FL+34224
WALGREEN CO.,3053 SW MARTIN DOWNS BLVD,,"PALM CITY, FL 34990",http://maps.google.com/maps?q=WALGREEN%20CO%2C3053%20SW%20MARTIN%20DOWNS%20BLVD%2C+PALM%20CITY%2C+FL+34990
WALGREEN CO.,3184 S CONGRESS AVE,,"PALM SPRINGS, FL 33461",http://maps.google.com/maps?q=WALGREEN%20CO%2C3184%20S%20CONGRESS%20AVE%2C+PALM%20SPRINGS%2C+FL+33461
WALGREEN CO.,3500 SE MARICAMP ROAD,,"OCALA, FL 34471",http://maps.google.com/maps?q=WALGREEN%20CO%2C3500%20SE%20MARICAMP%20ROAD%2C+OCALA%2C+FL+34471
WALGREEN CO.,3518 HENDERSON BLVD,,"TAMPA, FL 33609",http://maps.google.com/maps?q=WALGREEN%20CO%2C3518%20HENDERSON%20BLVD%2C+TAMPA%2C+FL+33609
WALGREEN CO.,3595 SW 22ND STREET,,"MIAMI, FL 33145",http://maps.google.com/maps?q=WALGREEN%20CO%2C3595%20SW%2022ND%20STREET%2C+MIAMI%2C+FL+33145
WALGREEN CO.,3895 W BROWARD BLVD,,"FORT LAUDERDALE, FL 33312",http://maps.google.com/maps?q=WALGREEN%20CO%2C3895%20W%20BROWARD%20BLVD%2C+FORT%20LAUDERDALE%2C+FL+33312
WALGREEN CO.,408 E MICHIGAN STREET,,"ORLANDO, FL 32806",http://maps.google.com/maps?q=WALGREEN%20CO%2C408%20E%20MICHIGAN%20STREET%2C+ORLANDO%2C+FL+32806
WALGREEN CO.,4150 N ATLANTIC AVE,,"COCOA BEACH, FL 32931",http://maps.google.com/maps?q=WALGREEN%20CO%2C4150%20N%20ATLANTIC%20AVE%2C+COCOA%20BEACH%2C+FL+32931
WALGREEN CO.,4340 S. FLORIDA AVE.,,"LAKELAND, FL 33813",http://maps.google.com/maps?q=WALGREEN%20CO%2C4340%20S.%20FLORIDA%20AVE.%2C+LAKELAND%2C+FL+33813
WALGREEN CO.,4895 PALM AVENUE,,"HIALEAH, FL 33012",http://maps.google.com/maps?q=WALGREEN%20CO%2C4895%20PALM%20AVENUE%2C+HIALEAH%2C+FL+33012
WALGREEN CO.,501 HAVENDALE BLVD,,"AUBURNDALE, FL 33823",http://maps.google.com/maps?q=WALGREEN%20CO%2C501%20HAVENDALE%20BLVD%2C+AUBURNDALE%2C+FL+33823
WALGREEN CO.,5420-9TH ST NORTH,,"ST PETERSBURG, FL 33703",http://maps.google.com/maps?q=WALGREEN%20CO%2C5420-9TH%20ST%20NORTH%2C+ST%20PETERSBURG%2C+FL+33703
WALGREEN CO.,5800 BEE RIDGE ROAD,,"SARASOTA, FL 34233",http://maps.google.com/maps?q=WALGREEN%20CO%2C5800%20BEE%20RIDGE%20ROAD%2C+SARASOTA%2C+FL+34233
WALGREEN CO.,6003 14TH ST W,,"BRADENTON, FL 34207",http://maps.google.com/maps?q=WALGREEN%20CO%2C6003%2014TH%20ST%20W%2C+BRADENTON%2C+FL+34207
WALGREEN CO.,6429 GALL BLVD,,"ZEPHYRHILLS, FL 33542",http://maps.google.com/maps?q=WALGREEN%20CO%2C6429%20GALL%20BLVD%2C+ZEPHYRHILLS%2C+FL+33542
WALGREEN CO.,699 E HIGHWAY 50,,"CLERMONT, FL 34711",http://maps.google.com/maps?q=WALGREEN%20CO%2C699%20E%20HIGHWAY%2050%2C+CLERMONT%2C+FL+34711
WALGREEN CO.,7150 W ATLANTIC BLVD,,"MARGATE, FL 33063",http://maps.google.com/maps?q=WALGREEN%20CO%2C7150%20W%20ATLANTIC%20BLVD%2C+MARGATE%2C+FL+33063
WALGREEN CO.,750 NW 119TH ST.,,"MIAMI, FL 33168",http://maps.google.com/maps?q=WALGREEN%20CO%2C750%20NW%20119TH%20ST.%2C+MIAMI%2C+FL+33168
WALGREEN CO.,7650 W SAND LAKE RD,,"ORLANDO, FL 32819",http://maps.google.com/maps?q=WALGREEN%20CO%2C7650%20W%20SAND%20LAKE%20RD%2C+ORLANDO%2C+FL+32819
WALGREEN CO.,805 CAPE CORAL PKY E,,"CAPE CORAL, FL 33904",http://maps.google.com/maps?q=WALGREEN%20CO%2C805%20CAPE%20CORAL%20PKY%20E%2C+CAPE%20CORAL%2C+FL+33904
WALGREEN CO.,8450 SW 24TH STREET,,"MIAMI, FL 33155",http://maps.google.com/maps?q=WALGREEN%20CO%2C8450%20SW%2024TH%20STREET%2C+MIAMI%2C+FL+33155
WALGREEN CO.,8900 TAMIAMI TRAIL NORTH,,"NAPLES, FL 34108",http://maps.google.com/maps?q=WALGREEN%20CO%2C8900%20TAMIAMI%20TRAIL%20NORTH%2C+NAPLES%2C+FL+34108
WALGREEN CO.,897 SAXON BLVD,,"ORANGE CITY, FL 32763",http://maps.google.com/maps?q=WALGREEN%20CO%2C897%20SAXON%20BLVD%2C+ORANGE%20CITY%2C+FL+32763
WALGREEN CO.,900 49TH STREET N,,"SAINT PETERSBURG, FL 33710",http://maps.google.com/maps?q=WALGREEN%20CO%2C900%2049TH%20STREET%20N%2C+SAINT%20PETERSBURG%2C+FL+33710
WALGREEN CO.,930 PROVIDENCE ROAD,,"BRANDON, FL 33511",http://maps.google.com/maps?q=WALGREEN%20CO%2C930%20PROVIDENCE%20ROAD%2C+BRANDON%2C+FL+33511
WELLCARE PHARMACY SERVICES INC,13733 U.S. HWY 441,,"LADY LAKE, FL 32159",http://maps.google.com/maps?q=WELLCARE%20PHARMACY%20SERVICES%20INC%2C13733%20U.S.%20HWY%20441%2C+LADY%20LAKE%2C+FL+32159
