Business Name,Address 1,Address 2,"City, State Zip",Map URL
ALIXA RX LLC,10132 WEST 76TH STREET,,"EDEN PRAIRIE, MN 55344",http://maps.google.com/maps?q=ALIXA%20RX%20LLC%2C10132%20WEST%2076TH%20STREET%2C+EDEN%20PRAIRIE%2C+MN+55344
"ALMOATASIM, LLC",110 W. MAIN ST.,,"CAMPBELLSPORT, WI 53010",http://maps.google.com/maps?q=ALMOATASIM%20LLC%2C110%20W.%20MAIN%20ST.%2C+CAMPBELLSPORT%2C+WI+53010
AMERY REGIONAL MEDICAL CENTER,265 E GRIFFIN ST,,"AMERY, WI 54001",http://maps.google.com/maps?q=AMERY%20REGIONAL%20MEDICAL%20CENTER%2C265%20E%20GRIFFIN%20ST%2C+AMERY%2C+WI+54001
"ASPIRUS IRON RIVER HOSPITAL & CLINICS, INC",1400 WEST ICE LAKE ROAD,,"IRON RIVER, MI 49935",http://maps.google.com/maps?q=ASPIRUS%20IRON%20RIVER%20HOSPITAL%20%20CLINICS%20INC%2C1400%20WEST%20ICE%20LAKE%20ROAD%2C+IRON%20RIVER%2C+MI+49935
ASTRUP DRUG INC,PHARMACY,1601 STATE AVE NW,"OWATONNA, MN 55060",http://maps.google.com/maps?q=ASTRUP%20DRUG%20INC%2CPHARMACY%2C+OWATONNA%2C+MN+55060
BELLIN HEALTH,744 SOUTH WEBSTER AVENUE,,"GREEN BAY, WI 54301",http://maps.google.com/maps?q=BELLIN%20HEALTH%2C744%20SOUTH%20WEBSTER%20AVENUE%2C+GREEN%20BAY%2C+WI+54301
BELLIN HEALTH PHARMACY,1630 COMMANCHE AVENUE,SUITE 102,"GREEN BAY, WI 54313",http://maps.google.com/maps?q=BELLIN%20HEALTH%20PHARMACY%2C1630%20COMMANCHE%20AVENUE%2C+GREEN%20BAY%2C+WI+54313
BELOIT HEALTH SYSTEM,1969 WEST HART RD,,"BELOIT, WI 53511",http://maps.google.com/maps?q=BELOIT%20HEALTH%20SYSTEM%2C1969%20WEST%20HART%20RD%2C+BELOIT%2C+WI+53511
"BOND DRUG COMPANY OF ILLINOIS, L.L.C.",15 N BUFFALO GROVE RD,,"BUFFALO GROVE, IL 60089",http://maps.google.com/maps?q=BOND%20DRUG%20COMPANY%20OF%20ILLINOIS%20LLC%2C15%20N%20BUFFALO%20GROVE%20RD%2C+BUFFALO%20GROVE%2C+IL+60089
"BOND DRUG COMPANY OF ILLINOIS, L.L.C.",1811 BELVIDERE RD,,"WAUKEGAN, IL 60085",http://maps.google.com/maps?q=BOND%20DRUG%20COMPANY%20OF%20ILLINOIS%20LLC%2C1811%20BELVIDERE%20RD%2C+WAUKEGAN%2C+IL+60085
"BOND DRUG COMPANY OF ILLINOIS, L.L.C.",200 E ROOSEVELT,,"VILLA PARK, IL 60181",http://maps.google.com/maps?q=BOND%20DRUG%20COMPANY%20OF%20ILLINOIS%20LLC%2C200%20E%20ROOSEVELT%2C+VILLA%20PARK%2C+IL+60181
"BOND DRUG COMPANY OF ILLINOIS, L.L.C.",2323 CHARLES STREET,,"ROCKFORD, IL 61104",http://maps.google.com/maps?q=BOND%20DRUG%20COMPANY%20OF%20ILLINOIS%20LLC%2C2323%20CHARLES%20STREET%2C+ROCKFORD%2C+IL+61104
"BOND DRUG COMPANY OF ILLINOIS, L.L.C.",3925 W ELM STREET,,"MCHENRY, IL 60050",http://maps.google.com/maps?q=BOND%20DRUG%20COMPANY%20OF%20ILLINOIS%20LLC%2C3925%20W%20ELM%20STREET%2C+MCHENRY%2C+IL+60050
"BOND DRUG COMPANY OF ILLINOIS, L.L.C.",4343 N CENTRAL AVE,,"CHICAGO, IL 60634",http://maps.google.com/maps?q=BOND%20DRUG%20COMPANY%20OF%20ILLINOIS%20LLC%2C4343%20N%20CENTRAL%20AVE%2C+CHICAGO%2C+IL+60634
"BOND DRUG COMPANY OF ILLINOIS, L.L.C.",5600 W. FULLERTON,,"CHICAGO, IL 60639",http://maps.google.com/maps?q=BOND%20DRUG%20COMPANY%20OF%20ILLINOIS%20LLC%2C5600%20W.%20FULLERTON%2C+CHICAGO%2C+IL+60639
"BOND DRUG COMPANY OF ILLINOIS, L.L.C.",5625 N. RIDGE AVE,,"CHICAGO, IL 60660",http://maps.google.com/maps?q=BOND%20DRUG%20COMPANY%20OF%20ILLINOIS%20LLC%2C5625%20N.%20RIDGE%20AVE%2C+CHICAGO%2C+IL+60660
"BOND DRUG COMPANY OF ILLINOIS, L.L.C.",7350 BARRINGTON RD.,,"HANOVER PARK, IL 60133",http://maps.google.com/maps?q=BOND%20DRUG%20COMPANY%20OF%20ILLINOIS%20LLC%2C7350%20BARRINGTON%20RD.%2C+HANOVER%20PARK%2C+IL+60133
"BOND DRUG COMPANY OF ILLINOIS, L.L.C.",780 WAUKEGAN RD,,"DEERFIELD, IL 60015",http://maps.google.com/maps?q=BOND%20DRUG%20COMPANY%20OF%20ILLINOIS%20LLC%2C780%20WAUKEGAN%20RD%2C+DEERFIELD%2C+IL+60015
"BOND DRUG COMPANY OF ILLINOIS, L.L.C.",9000 N. GREENWOOD AVE,,"NILES, IL 60714",http://maps.google.com/maps?q=BOND%20DRUG%20COMPANY%20OF%20ILLINOIS%20LLC%2C9000%20N.%20GREENWOOD%20AVE%2C+NILES%2C+IL+60714
BURNETT MEDICAL CENTER,257 W ST GEORGE AVE,,"GRANTSBURG, WI 54840",http://maps.google.com/maps?q=BURNETT%20MEDICAL%20CENTER%2C257%20W%20ST%20GEORGE%20AVE%2C+GRANTSBURG%2C+WI+54840
CAPT. JAMES A. LOVELL FEDERAL HEALTH CARE CENTER,2410 SAMPSON STREET,BLDG 237 (PHARMACY DEPARTMENT),"GREAT LAKES, IL 60088",http://maps.google.com/maps?q=CAPT%20JAMES%20A%20LOVELL%20FEDERAL%20HEALTH%20CARE%20CENTER%2C2410%20SAMPSON%20STREET%2C+GREAT%20LAKES%2C+IL+60088
CAPT. JAMES A. LOVELL FEDERAL HEALTH CARE CENTER,2430 ILLINOIS STREET,BLDG 1007 (PHARMACY DEPARTMENT),"GREAT LAKES, IL 60088",http://maps.google.com/maps?q=CAPT%20JAMES%20A%20LOVELL%20FEDERAL%20HEALTH%20CARE%20CENTER%2C2430%20ILLINOIS%20STREET%2C+GREAT%20LAKES%2C+IL+60088
CAPT. JAMES A. LOVELL FEDERAL HEALTH CARE CENTER,2630 GREEN BAY ROAD,BLDG 3452 (PHARMACY DEPARTMENT),"GREAT LAKES, IL 60088",http://maps.google.com/maps?q=CAPT%20JAMES%20A%20LOVELL%20FEDERAL%20HEALTH%20CARE%20CENTER%2C2630%20GREEN%20BAY%20ROAD%2C+GREAT%20LAKES%2C+IL+60088
CAPT. JAMES A. LOVELL FEDERAL HEALTH CARE CENTER,3440 OHIO STREET,BLDG 1017 (PHARMACY DEPARTMENT),"GREAT LAKES, IL 60088",http://maps.google.com/maps?q=CAPT%20JAMES%20A%20LOVELL%20FEDERAL%20HEALTH%20CARE%20CENTER%2C3440%20OHIO%20STREET%2C+GREAT%20LAKES%2C+IL+60088
"CARECENTER PHARMACY, L.L.C.","2775 SANDERS RD., STE C1",,"NORTHBROOK, IL 60062",http://maps.google.com/maps?q=CARECENTER%20PHARMACY%20LLC%2C2775%20SANDERS%20RD.%2C%20STE%20C1%2C+NORTHBROOK%2C+IL+60062
CASS ST PHARMACY GUNDERSEN HEALTH SYSTEM,528 CASS ST.,,"LA CROSSE, WI 54601",http://maps.google.com/maps?q=CASS%20ST%20PHARMACY%20GUNDERSEN%20HEALTH%20SYSTEM%2C528%20CASS%20ST.%2C+LA%20CROSSE%2C+WI+54601
CGH MEDICAL CENTER,100 EAST LEFEVRE RD,,"STERLING, IL 61081",http://maps.google.com/maps?q=CGH%20MEDICAL%20CENTER%2C100%20EAST%20LEFEVRE%20RD%2C+STERLING%2C+IL+61081
CLARK'S PHARMACY,1946 42ND STREET N.E.,,"CEDAR RAPIDS, IA 52402",http://maps.google.com/maps?q=CLARKS%20PHARMACY%2C1946%2042ND%20STREET%20N.E.%2C+CEDAR%20RAPIDS%2C+IA+52402
CLAYTON DRUG,104 WEST MISSION ST,,"STRAWBERRY POINT, IA 52076",http://maps.google.com/maps?q=CLAYTON%20DRUG%2C104%20WEST%20MISSION%20ST%2C+STRAWBERRY%20POINT%2C+IA+52076
CLAYTON DRUG,135 N MAIN ST,,"ELKADER, IA 52043",http://maps.google.com/maps?q=CLAYTON%20DRUG%2C135%20N%20MAIN%20ST%2C+ELKADER%2C+IA+52043
CRIVITZ PHARMACY,"710 MAIN STREET, P.O. BOX 488",,"CRIVITZ, WI 54114",http://maps.google.com/maps?q=CRIVITZ%20PHARMACY%2C710%20MAIN%20STREET%2C%20P.O.%20BOX%20488%2C+CRIVITZ%2C+WI+54114
"DONLON DRUG, INC",201 W. WATER ST,,"DECORAH, IA 52101",http://maps.google.com/maps?q=DONLON%20DRUG%20INC%2C201%20W.%20WATER%20ST%2C+DECORAH%2C+IA+52101
EAST SIDE FAMILY CLINIC PHARMACY,895 EAST 7TH STREET,,"SAINT PAUL, MN 55106",http://maps.google.com/maps?q=EAST%20SIDE%20FAMILY%20CLINIC%20PHARMACY%2C895%20EAST%207TH%20STREET%2C+SAINT%20PAUL%2C+MN+55106
ESSENTIA HEALTH HAYWARD PHARMACY,11134 N HWY 77,SUITE A,"HAYWARD, WI 54843",http://maps.google.com/maps?q=ESSENTIA%20HEALTH%20HAYWARD%20PHARMACY%2C11134%20N%20HWY%2077%2C+HAYWARD%2C+WI+54843
FIRSTLIGHT HEALTH SYSTEM PHARMACY,1425 MAIN ST. N,,"PINE CITY, MN 55063",http://maps.google.com/maps?q=FIRSTLIGHT%20HEALTH%20SYSTEM%20PHARMACY%2C1425%20MAIN%20ST.%20N%2C+PINE%20CITY%2C+MN+55063
"FORUM EXTENDED CARE SERVICES II, INC.",4201 W VICTORIA ST,,"CHICAGO, IL 60646",http://maps.google.com/maps?q=FORUM%20EXTENDED%20CARE%20SERVICES%20II%20INC%2C4201%20W%20VICTORIA%20ST%2C+CHICAGO%2C+IL+60646
"GENOA HEALTHCARE, LLC","166 4TH STREET E, STE 244",,"SAINT PAUL, MN 55101",http://maps.google.com/maps?q=GENOA%20HEALTHCARE%20LLC%2C166%204TH%20STREET%20E%2C%20STE%20244%2C+SAINT%20PAUL%2C+MN+55101
"GENOA HEALTHCARE, LLC",3101 OLD HIGHWAY 8,STE 203-B,"ROSEVILLE, MN 55113",http://maps.google.com/maps?q=GENOA%20HEALTHCARE%20LLC%2C3101%20OLD%20HIGHWAY%208%2C+ROSEVILLE%2C+MN+55113
"GENOA HEALTHCARE, LLC",800 TRANSFER ROAD,STE 35,"SAINT PAUL, MN 55114",http://maps.google.com/maps?q=GENOA%20HEALTHCARE%20LLC%2C800%20TRANSFER%20ROAD%2C+SAINT%20PAUL%2C+MN+55114
GOOD VALUE PHARMACY,3207 80TH STREET,SUITE 100,"KENOSHA, WI 53142",http://maps.google.com/maps?q=GOOD%20VALUE%20PHARMACY%2C3207%2080TH%20STREET%2C+KENOSHA%2C+WI+53142
GOODRICH PHARMACY INC.,601 JACOB LANE,,"ANOKA, MN 55303",http://maps.google.com/maps?q=GOODRICH%20PHARMACY%20INC%2C601%20JACOB%20LANE%2C+ANOKA%2C+MN+55303
"GRAND ST. PAUL CVS, L.L.C.",499 SNELLING AVE. N.,,"ST PAUL, MN 55104",http://maps.google.com/maps?q=GRAND%20ST%20PAUL%20CVS%20LLC%2C499%20SNELLING%20AVE.%20N.%2C+ST%20PAUL%2C+MN+55104
"GRAND ST. PAUL CVS, L.L.C.",810 MARYLAND AVENUE EAST,,"ST PAUL, MN 55106",http://maps.google.com/maps?q=GRAND%20ST%20PAUL%20CVS%20LLC%2C810%20MARYLAND%20AVENUE%20EAST%2C+ST%20PAUL%2C+MN+55106
"GRAND ST. PAUL CVS, L.L.C.",949 PORTLAND AVE.,,"MINNEAPOLIS, MN 55404",http://maps.google.com/maps?q=GRAND%20ST%20PAUL%20CVS%20LLC%2C949%20PORTLAND%20AVE.%2C+MINNEAPOLIS%2C+MN+55404
GUNDERSEN LUTHERAN CLIN PHARM,1836 SOUTH AVENUE,,"LA CROSSE, WI 54601",http://maps.google.com/maps?q=GUNDERSEN%20LUTHERAN%20CLIN%20PHARM%2C1836%20SOUTH%20AVENUE%2C+LA%20CROSSE%2C+WI+54601
GUNDERSEN LUTHERAN CLIN PHARM,3111 GUNDERSEN DRIVE,,"ONALASKA, WI 54650",http://maps.google.com/maps?q=GUNDERSEN%20LUTHERAN%20CLIN%20PHARM%2C3111%20GUNDERSEN%20DRIVE%2C+ONALASKA%2C+WI+54650
HARTIG DRUG #3,2255 JOHN F KENNEDY ROAD,,"DUBUQUE, IA 52002",http://maps.google.com/maps?q=HARTIG%20DRUG%2C2255%20JOHN%20F%20KENNEDY%20ROAD%2C+DUBUQUE%2C+IA+52002
HARTIG DRUG CO,157 LOCUST ST,,"DUBUQUE, IA 52001",http://maps.google.com/maps?q=HARTIG%20DRUG%20CO%2C157%20LOCUST%20ST%2C+DUBUQUE%2C+IA+52001
HARTIG DRUG CO,1600 UNIVERSITY AVE,,"DUBUQUE, IA 52001",http://maps.google.com/maps?q=HARTIG%20DRUG%20CO%2C1600%20UNIVERSITY%20AVE%2C+DUBUQUE%2C+IA+52001
HARTIG DRUG CO,2225 CENTRAL AVE,,"DUBUQUE, IA 52001",http://maps.google.com/maps?q=HARTIG%20DRUG%20CO%2C2225%20CENTRAL%20AVE%2C+DUBUQUE%2C+IA+52001
HARTIG DRUG CO #12,21 WEST MAIN STREET,,"WAUKON, IA 52172",http://maps.google.com/maps?q=HARTIG%20DRUG%20CO%2C21%20WEST%20MAIN%20STREET%2C+WAUKON%2C+IA+52172
HARTIG DRUG CO #28,419 E 1ST ST,,"MONTICELLO, IA 52310",http://maps.google.com/maps?q=HARTIG%20DRUG%20CO%2C419%20E%201ST%20ST%2C+MONTICELLO%2C+IA+52310
HARTIG DRUG CO #30,200 MAIN ST,SUITE 1,"GUTTENBERG, IA 52052",http://maps.google.com/maps?q=HARTIG%20DRUG%20CO%2C200%20MAIN%20ST%2C+GUTTENBERG%2C+IA+52052
HARTIG DRUG CO INC,HARTIG DRUG CO #14,200 FIRST STREET EAST,"INDEPENDENCE, IA 50644",http://maps.google.com/maps?q=HARTIG%20DRUG%20CO%20INC%2CHARTIG%20DRUG%20CO%20#14%2C+INDEPENDENCE%2C+IA+50644
HARTIG DRUG COMPANY,STONE CREEK SHOPPING CENTER,711 16TH AVE SE,"DYERSVILLE, IA 52040",http://maps.google.com/maps?q=HARTIG%20DRUG%20COMPANY%2CSTONE%20CREEK%20SHOPPING%20CENTER%2C+DYERSVILLE%2C+IA+52040
HAYAT PHARMACY 10 LLC,5308 W BURLEIGH ST,,"MILWAUKEE, WI 53210",http://maps.google.com/maps?q=HAYAT%20PHARMACY%20%20LLC%2C5308%20W%20BURLEIGH%20ST%2C+MILWAUKEE%2C+WI+53210
HAYAT PHARMACY 2 LLC,5928 W. VLIET ST.,,"MILWAUKEE, WI 53208",http://maps.google.com/maps?q=HAYAT%20PHARMACY%20%20LLC%2C5928%20W.%20VLIET%20ST.%2C+MILWAUKEE%2C+WI+53208
HCMC CSC PHARMACY,715 8TH STREET SO.,,"MINNEAPOLIS, MN 55404",http://maps.google.com/maps?q=HCMC%20CSC%20PHARMACY%2C715%208TH%20STREET%20SO.%2C+MINNEAPOLIS%2C+MN+55404
HCMC RICHFIELD CLINIC PHARMACY,790 W 66TH ST,,"RICHFIELD, MN 55423",http://maps.google.com/maps?q=HCMC%20RICHFIELD%20CLINIC%20PHARMACY%2C790%20W%2066TH%20ST%2C+RICHFIELD%2C+MN+55423
"HEALTHDIRECT INSTITUTIONAL PHARMACY SERVICES, INC.",150 N. PATRICK BLVD,SUITE 250,"BROOKFIELD, WI 53045",http://maps.google.com/maps?q=HEALTHDIRECT%20INSTITUTIONAL%20PHARMACY%20SERVICES%20INC%2C150%20N.%20PATRICK%20BLVD%2C+BROOKFIELD%2C+WI+53045
HEALTHPARTNERS,MAILSTOP: 41101B,401 PHALEN BLVD,"SAINT PAUL, MN 55130",http://maps.google.com/maps?q=HEALTHPARTNERS%2CMAILSTOP%3A%2041101B%2C+SAINT%20PAUL%2C+MN+55130
HEALTHPARTNERS APPLE VALLEY,PHARMACY,15290 PENNOCK LANE,"APPLE VALLEY, MN 55124",http://maps.google.com/maps?q=HEALTHPARTNERS%20APPLE%20VALLEY%2CPHARMACY%2C+APPLE%20VALLEY%2C+MN+55124
HEALTHPARTNERS ARDEN HILLS,PHARMACY,3930 NORTHWOODS DRIVE,"ARDEN HILLS, MN 55112",http://maps.google.com/maps?q=HEALTHPARTNERS%20ARDEN%20HILLS%2CPHARMACY%2C+ARDEN%20HILLS%2C+MN+55112
HEALTHPARTNERS BLOOMINGTON,PHARMACY,8600 NICOLLET AVENUE,"BLOOMINGTON, MN 55420",http://maps.google.com/maps?q=HEALTHPARTNERS%20BLOOMINGTON%2CPHARMACY%2C+BLOOMINGTON%2C+MN+55420
HEALTHPARTNERS BROOKLYN CENTR,6845 LEE AVENUE NORTH,,"BROOKLYN CENTER, MN 55429",http://maps.google.com/maps?q=HEALTHPARTNERS%20BROOKLYN%20CENTR%2C6845%20LEE%20AVENUE%20NORTH%2C+BROOKLYN%20CENTER%2C+MN+55429
HEALTHPARTNERS COMO PHARMACY,2500 COMO AVE,,"SAINT PAUL, MN 55108",http://maps.google.com/maps?q=HEALTHPARTNERS%20COMO%20PHARMACY%2C2500%20COMO%20AVE%2C+SAINT%20PAUL%2C+MN+55108
HEALTHPARTNERS COON RAPIDS,PHARMACY,11475 ROBINSON DRIVE NW,"COON RAPIDS, MN 55433",http://maps.google.com/maps?q=HEALTHPARTNERS%20COON%20RAPIDS%2CPHARMACY%2C+COON%20RAPIDS%2C+MN+55433
HEALTHPARTNERS MAPLEWOOD,2165 WHITE BEAR AVENUE,,"MAPLEWOOD, MN 55109",http://maps.google.com/maps?q=HEALTHPARTNERS%20MAPLEWOOD%2C2165%20WHITE%20BEAR%20AVENUE%2C+MAPLEWOOD%2C+MN+55109
HEALTHPARTNERS RIVERSIDE PHAR,2220 RIVERSIDE AVENUE SOUTH,,"MINNEAPOLIS, MN 55454",http://maps.google.com/maps?q=HEALTHPARTNERS%20RIVERSIDE%20PHAR%2C2220%20RIVERSIDE%20AVENUE%20SOUTH%2C+MINNEAPOLIS%2C+MN+55454
HEALTHPARTNERS ST PAUL PHARM,205 SOUTH WABASHA,,"W SAINT PAUL, MN 55107",http://maps.google.com/maps?q=HEALTHPARTNERS%20ST%20PAUL%20PHARM%2C205%20SOUTH%20WABASHA%2C+W%20SAINT%20PAUL%2C+MN+55107
HEALTHPARTNERS WEST PHARMACY,5100 GAMBLE DRIVE,SUITE 100,"ST LOUIS PARK, MN 55416",http://maps.google.com/maps?q=HEALTHPARTNERS%20WEST%20PHARMACY%2C5100%20GAMBLE%20DRIVE%2C+ST%20LOUIS%20PARK%2C+MN+55416
HEALTHPARTNERS WHITE BEAR,1430 HIGHWAY 96,,"WHITE BEAR LAKE, MN 55110",http://maps.google.com/maps?q=HEALTHPARTNERS%20WHITE%20BEAR%2C1430%20HIGHWAY%2096%2C+WHITE%20BEAR%20LAKE%2C+MN+55110
HEALTHPARTNERS WOODBURY,8450 SEASONS PARKWAY,,"WOODBURY, MN 55125",http://maps.google.com/maps?q=HEALTHPARTNERS%20WOODBURY%2C8450%20SEASONS%20PARKWAY%2C+WOODBURY%2C+MN+55125
"HIGHLAND PARK CVS, L.L.C.",110 S. ALPINE RD.,,"ROCKFORD, IL 61108",http://maps.google.com/maps?q=HIGHLAND%20PARK%20CVS%20LLC%2C110%20S.%20ALPINE%20RD.%2C+ROCKFORD%2C+IL+61108
"HIGHLAND PARK CVS, L.L.C.",110 W. NORTH AVE.,,"ELMHURST, IL 60126",http://maps.google.com/maps?q=HIGHLAND%20PARK%20CVS%20LLC%2C110%20W.%20NORTH%20AVE.%2C+ELMHURST%2C+IL+60126
"HIGHLAND PARK CVS, L.L.C.",1305 RANDALL RD.,,"CRYSTAL LAKE, IL 60014",http://maps.google.com/maps?q=HIGHLAND%20PARK%20CVS%20LLC%2C1305%20RANDALL%20RD.%2C+CRYSTAL%20LAKE%2C+IL+60014
"HIGHLAND PARK CVS, L.L.C.",1500 LINCOLN HWY.,,"ST CHARLES, IL 60174",http://maps.google.com/maps?q=HIGHLAND%20PARK%20CVS%20LLC%2C1500%20LINCOLN%20HWY.%2C+ST%20CHARLES%2C+IL+60174
"HIGHLAND PARK CVS, L.L.C.",1539 CLAVEY RD.,,"HIGHLAND PARK, IL 60035",http://maps.google.com/maps?q=HIGHLAND%20PARK%20CVS%20LLC%2C1539%20CLAVEY%20RD.%2C+HIGHLAND%20PARK%2C+IL+60035
"HIGHLAND PARK CVS, L.L.C.",177 WEST VIRGINIA STREET,,"CRYSTAL LAKE, IL 60014",http://maps.google.com/maps?q=HIGHLAND%20PARK%20CVS%20LLC%2C177%20WEST%20VIRGINIA%20STREET%2C+CRYSTAL%20LAKE%2C+IL+60014
"HIGHLAND PARK CVS, L.L.C.",3900 WEST ELM ST.,,"MCHENRY, IL 60050",http://maps.google.com/maps?q=HIGHLAND%20PARK%20CVS%20LLC%2C3900%20WEST%20ELM%20ST.%2C+MCHENRY%2C+IL+60050
HOLY FAMILY HEALTH SERVICES,1650 S 41 ST,,"MANITOWOC, WI 54220",http://maps.google.com/maps?q=HOLY%20FAMILY%20HEALTH%20SERVICES%2C1650%20S%2041%20ST%2C+MANITOWOC%2C+WI+54220
HOMETOWN LONG TERM CARE PHARMACY,1571 IVORY DRIVE,,"SUN PRAIRIE, WI 53590",http://maps.google.com/maps?q=HOMETOWN%20LONG%20TERM%20CARE%20PHARMACY%2C1571%20IVORY%20DRIVE%2C+SUN%20PRAIRIE%2C+WI+53590
HUDSON HOSPITAL & CLINICS PHARMACY,405 STAGELINE ROAD,,"HUDSON, WI 54016",http://maps.google.com/maps?q=HUDSON%20HOSPITAL%20%20CLINICS%20PHARMACY%2C405%20STAGELINE%20ROAD%2C+HUDSON%2C+WI+54016
"INTERDEPENDENT PHARMACY, LLC",404 NORTH SEYMOUR AVENUE,,"MUNDELEIN, IL 60060",http://maps.google.com/maps?q=INTERDEPENDENT%20PHARMACY%20LLC%2C404%20NORTH%20SEYMOUR%20AVENUE%2C+MUNDELEIN%2C+IL+60060
LAKEVIEW COMMUNITY PHARMACY,1500 CURVE CREST BLVD,,"STILLWATER, MN 55082",http://maps.google.com/maps?q=LAKEVIEW%20COMMUNITY%20PHARMACY%2C1500%20CURVE%20CREST%20BLVD%2C+STILLWATER%2C+MN+55082
LAKEVIEW MEM HOSP ASSOC INC,927 WEST CHURCHILL STREET,,"STILLWATER, MN 55082",http://maps.google.com/maps?q=LAKEVIEW%20MEM%20HOSP%20ASSOC%20INC%2C927%20WEST%20CHURCHILL%20STREET%2C+STILLWATER%2C+MN+55082
LAKEVIEW NEUROREHAB CENTER,1701 SHARP ROAD,,"WATERFORD, WI 53185",http://maps.google.com/maps?q=LAKEVIEW%20NEUROREHAB%20CENTER%2C1701%20SHARP%20ROAD%2C+WATERFORD%2C+WI+53185
MARSHFIELD CLINIC DISPENSING-MERRILL CENTER,1205 O'DAY STREET,,"MERRILL, WI 54452",http://maps.google.com/maps?q=MARSHFIELD%20CLINIC%20DISPENSINGMERRILL%20CENTER%2C1205%20O'DAY%20STREET%2C+MERRILL%2C+WI+54452
MARSHFIELD CLINIC DISPENSING-OAKWOOD CENTER,3501 GOLF ROAD,,"EAU CLAIRE, WI 54701",http://maps.google.com/maps?q=MARSHFIELD%20CLINIC%20DISPENSINGOAKWOOD%20CENTER%2C3501%20GOLF%20ROAD%2C+EAU%20CLAIRE%2C+WI+54701
MARSHFIELD CLINIC DISPENSING-RIVERVIEW CENTER,1000 STARR AVENUE,,"EAU CLAIRE, WI 54703",http://maps.google.com/maps?q=MARSHFIELD%20CLINIC%20DISPENSINGRIVERVIEW%20CENTER%2C1000%20STARR%20AVENUE%2C+EAU%20CLAIRE%2C+WI+54703
MARSHFIELD CLINIC DISPENSING-WESTON CENTER,3501 CRANBERRY BOULEVARD,,"WESTON, WI 54476",http://maps.google.com/maps?q=MARSHFIELD%20CLINIC%20DISPENSINGWESTON%20CENTER%2C3501%20CRANBERRY%20BOULEVARD%2C+WESTON%2C+WI+54476
MARSHFIELD CLINIC PHARMACY,1000 NORTH OAK AVENUE,,"MARSHFIELD, WI 54449",http://maps.google.com/maps?q=MARSHFIELD%20CLINIC%20PHARMACY%2C1000%20NORTH%20OAK%20AVENUE%2C+MARSHFIELD%2C+WI+54449
MARSHFIELD CLINIC PHARMACY,1700 W. STOUT STREET,,"RICE LAKE, WI 54868",http://maps.google.com/maps?q=MARSHFIELD%20CLINIC%20PHARMACY%2C1700%20W.%20STOUT%20STREET%2C+RICE%20LAKE%2C+WI+54868
MARSHFIELD CLINIC PHARMACY,2116 CRAIG ROAD,,"EAU CLAIRE, WI 54701",http://maps.google.com/maps?q=MARSHFIELD%20CLINIC%20PHARMACY%2C2116%20CRAIG%20ROAD%2C+EAU%20CLAIRE%2C+WI+54701
MARSHFIELD CLINIC PHARMACY,2655 CTY HWY I,,"CHIPPEWA FALLS, WI 54729",http://maps.google.com/maps?q=MARSHFIELD%20CLINIC%20PHARMACY%2C2655%20CTY%20HWY%20I%2C+CHIPPEWA%20FALLS%2C+WI+54729
MARSHFIELD CLINIC PHARMACY,2727 PLAZA DRIVE,,"WAUSAU, WI 54401",http://maps.google.com/maps?q=MARSHFIELD%20CLINIC%20PHARMACY%2C2727%20PLAZA%20DRIVE%2C+WAUSAU%2C+WI+54401
MARSHFIELD CLINIC PHARMACY,390 ORBITING DRIVE,,"MOSINEE, WI 54455",http://maps.google.com/maps?q=MARSHFIELD%20CLINIC%20PHARMACY%2C390%20ORBITING%20DRIVE%2C+MOSINEE%2C+WI+54455
MARSHFIELD CLINIC PHARMACY,630 SOUTH CENTRAL AVENUE,PO BOX 8,"MARSHFIELD, WI 54449",http://maps.google.com/maps?q=MARSHFIELD%20CLINIC%20PHARMACY%2C630%20SOUTH%20CENTRAL%20AVENUE%2C+MARSHFIELD%2C+WI+54449
MARSHFIELD CLINIC PHARMACY,906 COLLEGE AVENUE WEST,,"LADYSMITH, WI 54848",http://maps.google.com/maps?q=MARSHFIELD%20CLINIC%20PHARMACY%2C906%20COLLEGE%20AVENUE%20WEST%2C+LADYSMITH%2C+WI+54848
MARSHFIELD CLINIC PHARMACY,9601 TOWNLINE ROAD,P.O.BOX 1390,"MINOCQUA, WI 54548",http://maps.google.com/maps?q=MARSHFIELD%20CLINIC%20PHARMACY%2C9601%20TOWNLINE%20ROAD%2C+MINOCQUA%2C+WI+54548
MARSHFIELD CLINIC-MERCER CENTER,5110 N. HWY 51,,"MERCER, WI 54547",http://maps.google.com/maps?q=MARSHFIELD%20CLINICMERCER%20CENTER%2C5110%20N.%20HWY%2051%2C+MERCER%2C+WI+54547
MEDICAL CENTER PHARMACY,1111 DELAFIELD STREET  SUITE 109,,"WAUKESHA, WI 53188",http://maps.google.com/maps?q=MEDICAL%20CENTER%20PHARMACY%2C1111%20DELAFIELD%20STREET%20%20SUITE%20109%2C+WAUKESHA%2C+WI+53188
MERCY FAMILY PHARMACY,MERCY HEALTH SERVICES IOWA,1920 ELM STREET,"DUBUQUE, IA 52001",http://maps.google.com/maps?q=MERCY%20FAMILY%20PHARMACY%2CMERCY%20HEALTH%20SERVICES%20IOWA%2C+DUBUQUE%2C+IA+52001
"MTH, LLC",1919 W NORTH AVE,,"MILWAUKEE, WI 53205",http://maps.google.com/maps?q=MTH%20LLC%2C1919%20W%20NORTH%20AVE%2C+MILWAUKEE%2C+WI+53205
NICOLET PHARMACY,15481 COMMERCIAL RD,SUITE A,"LAKEWOOD, WI 54138",http://maps.google.com/maps?q=NICOLET%20PHARMACY%2C15481%20COMMERCIAL%20RD%2C+LAKEWOOD%2C+WI+54138
NORTH MEMORIAL MEDICAL CENTER,PHARMACY,3300 OAKDALE AVE NORTH,"ROBBINSDALE, MN 55422",http://maps.google.com/maps?q=NORTH%20MEMORIAL%20MEDICAL%20CENTER%2CPHARMACY%2C+ROBBINSDALE%2C+MN+55422
NORTH MEMORIAL PHARMACY MAPLE GROVE,9825 HOSPITAL DRIVE SUITE 100,,"MAPLE GROVE, MN 55369",http://maps.google.com/maps?q=NORTH%20MEMORIAL%20PHARMACY%20MAPLE%20GROVE%2C9825%20HOSPITAL%20DRIVE%20SUITE%20100%2C+MAPLE%20GROVE%2C+MN+55369
NORTH POINT HEALTH CENTER PHARMACY,1313 PENN AVE NORTH,,"MINNEAPOLIS, MN 55411",http://maps.google.com/maps?q=NORTH%20POINT%20HEALTH%20CENTER%20PHARMACY%2C1313%20PENN%20AVE%20NORTH%2C+MINNEAPOLIS%2C+MN+55411
NUCARA PHARMACY #20,119 N VINE,,"WEST UNION, IA 52175",http://maps.google.com/maps?q=NUCARA%20PHARMACY%2C119%20N%20VINE%2C+WEST%20UNION%2C+IA+52175
OSF HEALTHCARE SYSTEM,5666 E. STATE STREET,,"ROCKFORD, IL 61108",http://maps.google.com/maps?q=OSF%20HEALTHCARE%20SYSTEM%2C5666%20E.%20STATE%20STREET%2C+ROCKFORD%2C+IL+61108
OSTERHAUS PHARMACY,918 W PLATT #2,,"MAQUOKETA, IA 52060",http://maps.google.com/maps?q=OSTERHAUS%20PHARMACY%2C918%20W%20PLATT%20#2%2C+MAQUOKETA%2C+IA+52060
PARK NICOLLET PHARMACY,1885 PLAZA DRIVE,,"EAGAN, MN 55122",http://maps.google.com/maps?q=PARK%20NICOLLET%20PHARMACY%2C1885%20PLAZA%20DRIVE%2C+EAGAN%2C+MN+55122
PARK NICOLLET PHARMACY,250 NORTH CENTRAL,,"WAYZATA, MN 55391",http://maps.google.com/maps?q=PARK%20NICOLLET%20PHARMACY%2C250%20NORTH%20CENTRAL%2C+WAYZATA%2C+MN+55391
PARK NICOLLET PHARMACY,300 LAKE DRIVE EAST,,"CHANHASSEN, MN 55317",http://maps.google.com/maps?q=PARK%20NICOLLET%20PHARMACY%2C300%20LAKE%20DRIVE%20EAST%2C+CHANHASSEN%2C+MN+55317
PARK NICOLLET PHARMACY,3850 PARK NICOLLET BLVD.,,"ST LOUIS PARK, MN 55416",http://maps.google.com/maps?q=PARK%20NICOLLET%20PHARMACY%2C3850%20PARK%20NICOLLET%20BLVD.%2C+ST%20LOUIS%20PARK%2C+MN+55416
PARK NICOLLET PHARMACY,3931 LOUISIANA AVE,,"ST LOUIS PARK, MN 55426",http://maps.google.com/maps?q=PARK%20NICOLLET%20PHARMACY%2C3931%20LOUISIANA%20AVE%2C+ST%20LOUIS%20PARK%2C+MN+55426
PETER CHRISTENSEN HEALTH CENTER PHARMACY,129 OLD ABE ROAD,,"LAC DU FLAMBEAU, WI 54538",http://maps.google.com/maps?q=PETER%20CHRISTENSEN%20HEALTH%20CENTER%20PHARMACY%2C129%20OLD%20ABE%20ROAD%2C+LAC%20DU%20FLAMBEAU%2C+WI+54538
PINNOW PHARMACY,1028 FIRST CENTER AVENUE,,"BRODHEAD, WI 53520",http://maps.google.com/maps?q=PINNOW%20PHARMACY%2C1028%20FIRST%20CENTER%20AVENUE%2C+BRODHEAD%2C+WI+53520
POTAWATOMI HEALTH & WELLNESS,8201 MISH KO SWEN ROAD,P.O. BOX 396,"CRANDON, WI 54520",http://maps.google.com/maps?q=POTAWATOMI%20HEALTH%20%20WELLNESS%2C8201%20MISH%20KO%20SWEN%20ROAD%2C+CRANDON%2C+WI+54520
PRESENCE RHC SENIOR SERVICES,100 N RIVER ROAD,,"DES PLAINES, IL 60016",http://maps.google.com/maps?q=PRESENCE%20RHC%20SENIOR%20SERVICES%2C100%20N%20RIVER%20ROAD%2C+DES%20PLAINES%2C+IL+60016
PROHEALTH CARE PHARMACY,791 SUMMIT AVE,,"OCONOMOWOC, WI 53066",http://maps.google.com/maps?q=PROHEALTH%20CARE%20PHARMACY%2C791%20SUMMIT%20AVE%2C+OCONOMOWOC%2C+WI+53066
PROHEALTH PHARMACY - PEWAUKEE,N16W24131 RIVERWOOD DR,,"WAUKESHA, WI 53188",http://maps.google.com/maps?q=PROHEALTH%20PHARMACY%20%20PEWAUKEE%2CN16W24131%20RIVERWOOD%20DR%2C+WAUKESHA%2C+WI+53188
PUTVIN DRUG STORE,211 S CEDAR ST,,"MANISTIQUE, MI 49854",http://maps.google.com/maps?q=PUTVIN%20DRUG%20STORE%2C211%20S%20CEDAR%20ST%2C+MANISTIQUE%2C+MI+49854
REGIONS HOSPITAL PHARMACY,OUTPATIENT,640 JACKSON STREET,"ST PAUL, MN 55101",http://maps.google.com/maps?q=REGIONS%20HOSPITAL%20PHARMACY%2COUTPATIENT%2C+ST%20PAUL%2C+MN+55101
RIPON MEDICAL CENTER,845 PARKSIDE STREET,,"RIPON, WI 54971",http://maps.google.com/maps?q=RIPON%20MEDICAL%20CENTER%2C845%20PARKSIDE%20STREET%2C+RIPON%2C+WI+54971
ROCHELLE COMMUNITY HOSPITAL ASSOC,900 N 2ND ST,,"ROCHELLE, IL 61068",http://maps.google.com/maps?q=ROCHELLE%20COMMUNITY%20HOSPITAL%20ASSOC%2C900%20N%202ND%20ST%2C+ROCHELLE%2C+IL+61068
RYAN PHARMACY,1600 FIRST STREET EAST,,"INDEPENDENCE, IA 50644",http://maps.google.com/maps?q=RYAN%20PHARMACY%2C1600%20FIRST%20STREET%20EAST%2C+INDEPENDENCE%2C+IA+50644
SCOTT PHARMACY,238 S MAIN,PO BOX 188,"FAYETTE, IA 52142",http://maps.google.com/maps?q=SCOTT%20PHARMACY%2C238%20S%20MAIN%2C+FAYETTE%2C+IA+52142
SCOTT'S THRIFTY WHITE DRUG,629 6TH AVE,,"DE WITT, IA 52742",http://maps.google.com/maps?q=SCOTTS%20THRIFTY%20WHITE%20DRUG%2C629%206TH%20AVE%2C+DE%20WITT%2C+IA+52742
SMSC PHARMACY,15045 MYSTIC LAKE DRIVE,,"PRIOR LAKE, MN 55372",http://maps.google.com/maps?q=SMSC%20PHARMACY%2C15045%20MYSTIC%20LAKE%20DRIVE%2C+PRIOR%20LAKE%2C+MN+55372
ST AGNES HOSPITAL,DEPARTMENT OF PHARMACY,430 EAST DIVISION STREET,"FOND DU LAC, WI 54935",http://maps.google.com/maps?q=ST%20AGNES%20HOSPITAL%2CDEPARTMENT%20OF%20PHARMACY%2C+FOND%20DU%20LAC%2C+WI+54935
ST FRANCIS HOSPITAL,3401 LUDINGTON,,"ESCANABA, MI 49829",http://maps.google.com/maps?q=ST%20FRANCIS%20HOSPITAL%2C3401%20LUDINGTON%2C+ESCANABA%2C+MI+49829
STOCKBRIDGE-MUNSEE,W12802 COUNTY HWY A,P.O. BOX 86,"BOWLER, WI 54416",http://maps.google.com/maps?q=STOCKBRIDGEMUNSEE%2CW12802%20COUNTY%20HWY%20A%2C+BOWLER%2C+WI+54416
SWEET MEDICINE PRESCR PLUS,155 N MAIN STREET,PO BOX 284,"IOLA, WI 54945",http://maps.google.com/maps?q=SWEET%20MEDICINE%20PRESCR%20PLUS%2C155%20N%20MAIN%20STREET%2C+IOLA%2C+WI+54945
SYMBRIA RX SERVICES LLC,350 W. SCHAUMBURG ROAD,SUITE PWD,"SCHAUMBURG, IL 60194",http://maps.google.com/maps?q=SYMBRIA%20RX%20SERVICES%20LLC%2C350%20W.%20SCHAUMBURG%20ROAD%2C+SCHAUMBURG%2C+IL+60194
THIES LOMBARD PHARMACY INC,805 S MAIN STREET,SUITE 8,"LOMBARD, IL 60148",http://maps.google.com/maps?q=THIES%20LOMBARD%20PHARMACY%20INC%2C805%20S%20MAIN%20STREET%2C+LOMBARD%2C+IL+60148
THRIFTY WHITE DRUG #762,6055 NATHAN LANE NORTH,SUITE 200A,"PLYMOUTH, MN 55442",http://maps.google.com/maps?q=THRIFTY%20WHITE%20DRUG%2C6055%20NATHAN%20LANE%20NORTH%2C+PLYMOUTH%2C+MN+55442
THRIFTY WHITE PHARMACY #080,2720 SOUTH 163RD STREET,,"NEW BERLIN, WI 53151",http://maps.google.com/maps?q=THRIFTY%20WHITE%20PHARMACY%2C2720%20SOUTH%20163RD%20STREET%2C+NEW%20BERLIN%2C+WI+53151
THRIFTY WHITE PHARMACY #727,223 STATE STREET NORTH,,"WASECA, MN 56093",http://maps.google.com/maps?q=THRIFTY%20WHITE%20PHARMACY%2C223%20STATE%20STREET%20NORTH%2C+WASECA%2C+MN+56093
THRIFTY WHITE PHARMACY #76,702 MONTGOMERY STREET,,"DECORAH, IA 52101",http://maps.google.com/maps?q=THRIFTY%20WHITE%20PHARMACY%2C702%20MONTGOMERY%20STREET%2C+DECORAH%2C+IA+52101
THRIFTY WHITE PHARMACY #772,"707 LUNDORFF DRIVE SOUTH, SUITE 2",,"SANDSTONE, MN 55072",http://maps.google.com/maps?q=THRIFTY%20WHITE%20PHARMACY%2C707%20LUNDORFF%20DRIVE%20SOUTH%2C%20SUITE%202%2C+SANDSTONE%2C+MN+55072
THRIFTY WHITE PHARMACY #786,2018 15TH ST NW,,"ROCHESTER, MN 55901",http://maps.google.com/maps?q=THRIFTY%20WHITE%20PHARMACY%2C2018%2015TH%20ST%20NW%2C+ROCHESTER%2C+MN+55901
TOTAL CARE PHARMACY,7221 UNIVERSITY AVENUE,,"FRIDLEY, MN 55432",http://maps.google.com/maps?q=TOTAL%20CARE%20PHARMACY%2C7221%20UNIVERSITY%20AVENUE%2C+FRIDLEY%2C+MN+55432
UW HEALTH PHARMACY SERVICES,4602 EASTPARK BLVD,,"MADISON, WI 53718",http://maps.google.com/maps?q=UW%20HEALTH%20PHARMACY%20SERVICES%2C4602%20EASTPARK%20BLVD%2C+MADISON%2C+WI+53718
WAGNER PHARMACY 1 CO,1726 N 2ND ST,,"CLINTON, IA 52732",http://maps.google.com/maps?q=WAGNER%20PHARMACY%20%20CO%2C1726%20N%202ND%20ST%2C+CLINTON%2C+IA+52732
WALGREEN CO.,1021 SUMMIT AVE.,,"OCONOMOWOC, WI 53066",http://maps.google.com/maps?q=WALGREEN%20CO%2C1021%20SUMMIT%20AVE.%2C+OCONOMOWOC%2C+WI+53066
WALGREEN CO.,1028 S ELMHURST ROAD,,"MT PROSPECT, IL 60056",http://maps.google.com/maps?q=WALGREEN%20CO%2C1028%20S%20ELMHURST%20ROAD%2C+MT%20PROSPECT%2C+IL+60056
WALGREEN CO.,1029 N 14TH ST,,"SHEBOYGAN, WI 53081",http://maps.google.com/maps?q=WALGREEN%20CO%2C1029%20N%2014TH%20ST%2C+SHEBOYGAN%2C+WI+53081
WALGREEN CO.,105 CENTRAL BRIDGE ST,,"WAUSAU, WI 54401",http://maps.google.com/maps?q=WALGREEN%20CO%2C105%20CENTRAL%20BRIDGE%20ST%2C+WAUSAU%2C+WI+54401
WALGREEN CO.,10686 UNIVERSITY AVE NW,,"COON RAPIDS, MN 55448",http://maps.google.com/maps?q=WALGREEN%20CO%2C10686%20UNIVERSITY%20AVE%20NW%2C+COON%20RAPIDS%2C+MN+55448
WALGREEN CO.,1075 HIGHWAY 96 EAST,,"WHITE BEAR LAKE, MN 55127",http://maps.google.com/maps?q=WALGREEN%20CO%2C1075%20HIGHWAY%2096%20EAST%2C+WHITE%20BEAR%20LAKE%2C+MN+55127
WALGREEN CO.,108 WILMOT RD.,,"DEERFIELD, IL 60015",http://maps.google.com/maps?q=WALGREEN%20CO%2C108%20WILMOT%20RD.%2C+DEERFIELD%2C+IL+60015
WALGREEN CO.,1340 DEKALB AVE,,"SYCAMORE, IL 60178",http://maps.google.com/maps?q=WALGREEN%20CO%2C1340%20DEKALB%20AVE%2C+SYCAMORE%2C+IL+60178
WALGREEN CO.,15250 CEDAR AVE,,"APPLE VALLEY, MN 55124",http://maps.google.com/maps?q=WALGREEN%20CO%2C15250%20CEDAR%20AVE%2C+APPLE%20VALLEY%2C+MN+55124
WALGREEN CO.,15650 W GREENFIELD AVE,,"BROOKFIELD, WI 53005",http://maps.google.com/maps?q=WALGREEN%20CO%2C15650%20W%20GREENFIELD%20AVE%2C+BROOKFIELD%2C+WI+53005
WALGREEN CO.,1700 LARKIN AVE,,"ELGIN, IL 60123",http://maps.google.com/maps?q=WALGREEN%20CO%2C1700%20LARKIN%20AVE%2C+ELGIN%2C+IL+60123
WALGREEN CO.,1717 MILTON AVENUE,,"JANESVILLE, WI 53545",http://maps.google.com/maps?q=WALGREEN%20CO%2C1717%20MILTON%20AVENUE%2C+JANESVILLE%2C+WI+53545
WALGREEN CO.,1965 DONEGAL DR,,"WOODBURY, MN 55125",http://maps.google.com/maps?q=WALGREEN%20CO%2C1965%20DONEGAL%20DR%2C+WOODBURY%2C+MN+55125
WALGREEN CO.,2301 HALL AVE,,"MARINETTE, WI 54143",http://maps.google.com/maps?q=WALGREEN%20CO%2C2301%20HALL%20AVE%2C+MARINETTE%2C+WI+54143
WALGREEN CO.,2301 LUDINGTON ST,,"ESCANABA, MI 49829",http://maps.google.com/maps?q=WALGREEN%20CO%2C2301%20LUDINGTON%20ST%2C+ESCANABA%2C+MI+49829
WALGREEN CO.,324 ROOSEVELT ROAD,,"GLEN ELLYN, IL 60137",http://maps.google.com/maps?q=WALGREEN%20CO%2C324%20ROOSEVELT%20ROAD%2C+GLEN%20ELLYN%2C+IL+60137
WALGREEN CO.,3522 W WISCONSIN,,"MILWAUKEE, WI 53208",http://maps.google.com/maps?q=WALGREEN%20CO%2C3522%20W%20WISCONSIN%2C+MILWAUKEE%2C+WI+53208
WALGREEN CO.,3701 S HOWELL AVE,,"MILWAUKEE, WI 53207",http://maps.google.com/maps?q=WALGREEN%20CO%2C3701%20S%20HOWELL%20AVE%2C+MILWAUKEE%2C+WI+53207
WALGREEN CO.,3710 E WASHINGTON AVE,,"MADISON, WI 53704",http://maps.google.com/maps?q=WALGREEN%20CO%2C3710%20E%20WASHINGTON%20AVE%2C+MADISON%2C+WI+53704
WALGREEN CO.,3805 80TH ST.,,"KENOSHA, WI 53142",http://maps.google.com/maps?q=WALGREEN%20CO%2C3805%2080TH%20ST.%2C+KENOSHA%2C+WI+53142
WALGREEN CO.,4296 S 76TH STREET,,"GREENFIELD, WI 53220",http://maps.google.com/maps?q=WALGREEN%20CO%2C4296%20S%2076TH%20STREET%2C+GREENFIELD%2C+WI+53220
WALGREEN CO.,4547 HIAWATHA AVE,,"MINNEAPOLIS, MN 55406",http://maps.google.com/maps?q=WALGREEN%20CO%2C4547%20HIAWATHA%20AVE%2C+MINNEAPOLIS%2C+MN+55406
WALGREEN CO.,4810 WASHINGTON AVE,,"RACINE, WI 53406",http://maps.google.com/maps?q=WALGREEN%20CO%2C4810%20WASHINGTON%20AVE%2C+RACINE%2C+WI+53406
WALGREEN CO.,5065 HONONEGAH RD,,"ROSCOE, IL 61073",http://maps.google.com/maps?q=WALGREEN%20CO%2C5065%20HONONEGAH%20RD%2C+ROSCOE%2C+IL+61073
WALGREEN CO.,540 BLAKE ROAD N,,"HOPKINS, MN 55343",http://maps.google.com/maps?q=WALGREEN%20CO%2C540%20BLAKE%20ROAD%20N%2C+HOPKINS%2C+MN+55343
WALGREEN CO.,55 J F KENNEDY RD,,"DUBUQUE, IA 52002",http://maps.google.com/maps?q=WALGREEN%20CO%2C55%20J%20F%20KENNEDY%20RD%2C+DUBUQUE%2C+IA+52002
WALGREEN CO.,6442 N 76TH STREET,,"MILWAUKEE, WI 53223",http://maps.google.com/maps?q=WALGREEN%20CO%2C6442%20N%2076TH%20STREET%2C+MILWAUKEE%2C+WI+53223
WALGREEN CO.,7113 CERMAK RD,,"BERWYN, IL 60402",http://maps.google.com/maps?q=WALGREEN%20CO%2C7113%20CERMAK%20RD%2C+BERWYN%2C+IL+60402
WALGREEN CO.,7135 E POINT DOUGLAS RD SOUTH,,"COTTAGE GROVE, MN 55016",http://maps.google.com/maps?q=WALGREEN%20CO%2C7135%20E%20POINT%20DOUGLAS%20RD%20SOUTH%2C+COTTAGE%20GROVE%2C+MN+55016
WALGREEN CO.,729 W. NORTHLAND AVE.,,"APPLETON, WI 54914",http://maps.google.com/maps?q=WALGREEN%20CO%2C729%20W.%20NORTHLAND%20AVE.%2C+APPLETON%2C+WI+54914
WALGREEN CO.,7600 W CAPITOL DRIVE,,"MILWAUKEE, WI 53222",http://maps.google.com/maps?q=WALGREEN%20CO%2C7600%20W%20CAPITOL%20DRIVE%2C+MILWAUKEE%2C+WI+53222
WALGREEN CO.,7700 BROOKLYN BLVD,,"BROOKLYN PARK, MN 55443",http://maps.google.com/maps?q=WALGREEN%20CO%2C7700%20BROOKLYN%20BLVD%2C+BROOKLYN%20PARK%2C+MN+55443
WALGREEN CO.,7810 MINERAL POINT RD,,"MADISON, WI 53717",http://maps.google.com/maps?q=WALGREEN%20CO%2C7810%20MINERAL%20POINT%20RD%2C+MADISON%2C+WI+53717
WALGREEN CO.,900 WEST AVE S,,"LA CROSSE, WI 54601",http://maps.google.com/maps?q=WALGREEN%20CO%2C900%20WEST%20AVE%20S%2C+LA%20CROSSE%2C+WI+54601
WALGREEN CO.,N83W15701 APPLETON AVE,,"MENOMONEE FALLS, WI 53051",http://maps.google.com/maps?q=WALGREEN%20CO%2CN83W15701%20APPLETON%20AVE%2C+MENOMONEE%20FALLS%2C+WI+53051
WAUKESHA HEALTH SERVICES,725 AMERICAN AVE,,"WAUKESHA, WI 53188",http://maps.google.com/maps?q=WAUKESHA%20HEALTH%20SERVICES%2C725%20AMERICAN%20AVE%2C+WAUKESHA%2C+WI+53188
WAUPUN MEMORIAL HOSPITAL,620 W. BROWN,,"WAUPUN, WI 53963",http://maps.google.com/maps?q=WAUPUN%20MEMORIAL%20HOSPITAL%2C620%20W.%20BROWN%2C+WAUPUN%2C+WI+53963
WESTFIELDS COMMUNITY PHARMACY,535 HOSPITAL RD,,"NEW RICHMOND, WI 54017",http://maps.google.com/maps?q=WESTFIELDS%20COMMUNITY%20PHARMACY%2C535%20HOSPITAL%20RD%2C+NEW%20RICHMOND%2C+WI+54017
WESTSIDE COMMUNITY HEALTH SERVICES PHARMACY,153 CESAR CHAVEZ ST,,"ST PAUL, MN 55107",http://maps.google.com/maps?q=WESTSIDE%20COMMUNITY%20HEALTH%20SERVICES%20PHARMACY%2C153%20CESAR%20CHAVEZ%20ST%2C+ST%20PAUL%2C+MN+55107
WHITTIER CLINIC PHARMACY,2810 NICOLLET AVENUE SOUTH,,"MINNEAPOLIS, MN 55408",http://maps.google.com/maps?q=WHITTIER%20CLINIC%20PHARMACY%2C2810%20NICOLLET%20AVENUE%20SOUTH%2C+MINNEAPOLIS%2C+MN+55408
"WISCONSIN CVS PHARMACY, L.L.C.",1561 W. MASON ST.,,"GREEN BAY, WI 54303",http://maps.google.com/maps?q=WISCONSIN%20CVS%20PHARMACY%20LLC%2C1561%20W.%20MASON%20ST.%2C+GREEN%20BAY%2C+WI+54303
"WISCONSIN CVS PHARMACY, L.L.C.",2200 BRACKET AVE,,"EAU CLAIRE, WI 54701",http://maps.google.com/maps?q=WISCONSIN%20CVS%20PHARMACY%20LLC%2C2200%20BRACKET%20AVE%2C+EAU%20CLAIRE%2C+WI+54701
"WISCONSIN CVS PHARMACY, L.L.C.",535 EAST DIVISION AVENUE,,"BARRON, WI 54812",http://maps.google.com/maps?q=WISCONSIN%20CVS%20PHARMACY%20LLC%2C535%20EAST%20DIVISION%20AVENUE%2C+BARRON%2C+WI+54812
"WISCONSIN CVS PHARMACY, L.L.C.",700 WEST WISCONSIN AVE.,,"APPLETON, WI 54914",http://maps.google.com/maps?q=WISCONSIN%20CVS%20PHARMACY%20LLC%2C700%20WEST%20WISCONSIN%20AVE.%2C+APPLETON%2C+WI+54914
"ZAIBAKPRN, LLC",8500 W. CAPITOL DR.,,"MILWAUKEE, WI 53222",http://maps.google.com/maps?q=ZAIBAKPRN%20LLC%2C8500%20W.%20CAPITOL%20DR.%2C+MILWAUKEE%2C+WI+53222
