Business Name,Address 1,Address 2,"City, State Zip",Map URL
"ACUPHARM, LLC",990 W ATHERTON DR STE 200,"SALT LAKE CITY, UT 84123",http://maps.google.com/maps?q=ACUPHARM%20LLC%2C990%20W%20ATHERTON%20DR%20STE%20200%2C+SALT%20LAKE%20CITY%2C+UT+84123,
AIRWAY HEIGHTS CORRECTIONS CENTER,11919 W SPRAGUE AVENUE,PO BOX 1899,"AIRWAY HEIGHTS, WA 99001",http://maps.google.com/maps?q=AIRWAY%20HEIGHTS%20CORRECTIONS%20CENTER%2C11919%20W%20SPRAGUE%20AVENUE%2C+AIRWAY%20HEIGHTS%2C+WA+99001
"APOTHECARY POINTE PHARMACY, INC",3443 W 5600 S,"ROY, UT 84067",http://maps.google.com/maps?q=APOTHECARY%20POINTE%20PHARMACY%20INC%2C3443%20W%205600%20S%2C+ROY%2C+UT+84067,
ASHLEY VALLEY MEDICAL CENTER,ATTN: PHARMACY,150 WEST 100 NORTH,"VERNAL, UT 84078",http://maps.google.com/maps?q=ASHLEY%20VALLEY%20MEDICAL%20CENTER%2CATTN%3A%20PHARMACY%2C+VERNAL%2C+UT+84078
BEAR LAKE COMMUNITY HEALTH CENTER PHARMACY,325 WEST LOGAN HIGHWAY,P. O. BOX 328,"GARDEN CITY, UT 84028",http://maps.google.com/maps?q=BEAR%20LAKE%20COMMUNITY%20HEALTH%20CENTER%20PHARMACY%2C325%20WEST%20LOGAN%20HIGHWAY%2C+GARDEN%20CITY%2C+UT+84028
BENEWAH COMMUNITY HOSPITAL,229 S. 7TH STREET,"ST MARIES, ID 83861",http://maps.google.com/maps?q=BENEWAH%20COMMUNITY%20HOSPITAL%2C229%20S.%207TH%20STREET%2C+ST%20MARIES%2C+ID+83861,
BOWMANS MARKET LLC,326 NORTH MAIN,"KAYSVILLE, UT 84037",http://maps.google.com/maps?q=BOWMANS%20MARKET%20LLC%2C326%20NORTH%20MAIN%2C+KAYSVILLE%2C+UT+84037,
BRIGHAM COMMUNITY PHARMACY,1017 SOUTH MEDICAL DRIVE,"BRIGHAM CITY, UT 84302",http://maps.google.com/maps?q=BRIGHAM%20COMMUNITY%20PHARMACY%2C1017%20SOUTH%20MEDICAL%20DRIVE%2C+BRIGHAM%20CITY%2C+UT+84302,
CACHE VALLEY COMMUNITY HEALTH CENTER PHARMACY,1515 NORTH 400 EAST,SUITE 104,"NORTH LOGAN, UT 84341",http://maps.google.com/maps?q=CACHE%20VALLEY%20COMMUNITY%20HEALTH%20CENTER%20PHARMACY%2C1515%20NORTH%20400%20EAST%2C+NORTH%20LOGAN%2C+UT+84341
CARBON MEDICAL SERVICE ASSOCIATION,125 S MAIN ST,"HELPER, UT 84526",http://maps.google.com/maps?q=CARBON%20MEDICAL%20SERVICE%20ASSOCIATION%2C125%20S%20MAIN%20ST%2C+HELPER%2C+UT+84526,
CARBON MEDICAL SERVICES ASSN,305 CENTER STREET,PO BOX 930,"EAST CARBON, UT 84520",http://maps.google.com/maps?q=CARBON%20MEDICAL%20SERVICES%20ASSN%2C305%20CENTER%20STREET%2C+EAST%20CARBON%2C+UT+84520
CASTLEVIEW HOSPITAL,317 E 100 N,SUITE 4,"PRICE, UT 84501",http://maps.google.com/maps?q=CASTLEVIEW%20HOSPITAL%2C317%20E%20100%20N%2C+PRICE%2C+UT+84501
CASTLEVIEW HOSPITAL LLC,300 NORTH HOSPITAL DRIVE,ATTN: PHARMACY,"PRICE, UT 84501",http://maps.google.com/maps?q=CASTLEVIEW%20HOSPITAL%20LLC%2C300%20NORTH%20HOSPITAL%20DRIVE%2C+PRICE%2C+UT+84501
CD PHARMACY LLC,ATTN: EDDIE NORRIS,"450 SOUTH 900 EAST, SUITE 150","SALT LAKE CITY, UT 84102",http://maps.google.com/maps?q=CD%20PHARMACY%20LLC%2CATTN%3A%20EDDIE%20NORRIS%2C+SALT%20LAKE%20CITY%2C+UT+84102
CUSTOM RX LLC,173 W 4TH ST,"KUNA, ID 83634",http://maps.google.com/maps?q=CUSTOM%20RX%20LLC%2C173%20W%204TH%20ST%2C+KUNA%2C+ID+83634,
DOUG'S DRUG,1221 MAIN ST,PO BOX 1028,"THOMPSON FALLS, MT 59873",http://maps.google.com/maps?q=DOUGS%20DRUG%2C1221%20MAIN%20ST%2C+THOMPSON%20FALLS%2C+MT+59873
EDGEMONT PHARMACY,3661 N CANYON RD,"PROVO, UT 84604",http://maps.google.com/maps?q=EDGEMONT%20PHARMACY%2C3661%20N%20CANYON%20RD%2C+PROVO%2C+UT+84604,
FRANKS PHARMACY LLC,"ATTN: CONNIE J. SWEET, PHARMACIST IN CHARGE",1401 MINNESOTA AVENUE,"LIBBY, MT 59923",http://maps.google.com/maps?q=FRANKS%20PHARMACY%20LLC%2CATTN%3A%20CONNIE%20J.%20SWEET%2C%20PHARMACIST%20IN%20CHARGE%2C+LIBBY%2C+MT+59923
GENEVA WOODS PHARMACY,3808 N SULLIVAN RD,"BLDG N-15, STE 104","SPOKANE VALLEY, WA 99216",http://maps.google.com/maps?q=GENEVA%20WOODS%20PHARMACY%2C3808%20N%20SULLIVAN%20RD%2C+SPOKANE%20VALLEY%2C+WA+99216
"GIBSON PHARMACY SERVICES, LLC",240 E WINCHESTER,"MURRAY, UT 84107",http://maps.google.com/maps?q=GIBSON%20PHARMACY%20SERVICES%20LLC%2C240%20E%20WINCHESTER%2C+MURRAY%2C+UT+84107,
HARMON CITY INC. D/B/A HARMONS PHARMACY CITY CREEK,135 EAST 100 SOUTH,"SALT LAKE CITY, UT 84111",http://maps.google.com/maps?q=HARMON%20CITY%20INC%20DBA%20HARMONS%20PHARMACY%20CITY%20CREEK%2C135%20EAST%20100%20SOUTH%2C+SALT%20LAKE%20CITY%2C+UT+84111,
HEREFORDSHIRE HEALTH CENTER,PHARMACY,1915 WEST 5950 SOUTH,"ROY, UT 84067",http://maps.google.com/maps?q=HEREFORDSHIRE%20HEALTH%20CENTER%2CPHARMACY%2C+ROY%2C+UT+84067
HORNG INC,4052 W PIONEER PKWY,SUITE 111,"WEST VALLEY CITY, UT 84120",http://maps.google.com/maps?q=HORNG%20INC%2C4052%20W%20PIONEER%20PKWY%2C+WEST%20VALLEY%20CITY%2C+UT+84120
ID STATE VETERANS HOME-BOISE,320 COLLINS RD,"BOISE, ID 83702",http://maps.google.com/maps?q=ID%20STATE%20VETERANS%20HOMEBOISE%2C320%20COLLINS%20RD%2C+BOISE%2C+ID+83702,
IDAHO STATE VETERANS HOME,LEWISTON,821 21ST AVENUE,"LEWISTON, ID 83501",http://maps.google.com/maps?q=IDAHO%20STATE%20VETERANS%20HOME%2CLEWISTON%2C+LEWISTON%2C+ID+83501
IHC HEALTH CENTER PHARMACY,2075 UNIVERSITY PARK BLVD,"LAYTON, UT 84041",http://maps.google.com/maps?q=IHC%20HEALTH%20CENTER%20PHARMACY%2C2075%20UNIVERSITY%20PARK%20BLVD%2C+LAYTON%2C+UT+84041,
IHC HEALTH CENTER PHARMACY,505 W 400 N,"OREM, UT 84057",http://maps.google.com/maps?q=IHC%20HEALTH%20CENTER%20PHARMACY%2C505%20W%20400%20N%2C+OREM%2C+UT+84057,
IHC HEALTH CENTER PHARMACY,BOUNTIFUL,390 N MAIN ST,"BOUNTIFUL, UT 84010",http://maps.google.com/maps?q=IHC%20HEALTH%20CENTER%20PHARMACY%2CBOUNTIFUL%2C+BOUNTIFUL%2C+UT+84010
IHC HEALTH CENTER PHARMACY,NORTH OGDEN,2400 N WASHINGTON BLVD,"OGDEN, UT 84414",http://maps.google.com/maps?q=IHC%20HEALTH%20CENTER%20PHARMACY%2CNORTH%20OGDEN%2C+OGDEN%2C+UT+84414
IHC HEALTH CENTER PHARMACY,SOUTH OGDEN,975 EAST CHAMBERS AVENUE,"OGDEN, UT 84403",http://maps.google.com/maps?q=IHC%20HEALTH%20CENTER%20PHARMACY%2CSOUTH%20OGDEN%2C+OGDEN%2C+UT+84403
IHC HEALTH CTR PHARMACY MEMORIAL,2000 SOUTH 900 EAST,"SALT LAKE CITY, UT 84105",http://maps.google.com/maps?q=IHC%20HEALTH%20CTR%20PHARMACY%20MEMORIAL%2C2000%20SOUTH%20900%20EAST%2C+SALT%20LAKE%20CITY%2C+UT+84105,
IHC HEALTH SERVICES INC,OUTPATIENT PHARMACY,100 NORTH MARIO CAPECCHI DRIVE,"SALT LAKE CITY, UT 84113",http://maps.google.com/maps?q=IHC%20HEALTH%20SERVICES%20INC%2COUTPATIENT%20PHARMACY%2C+SALT%20LAKE%20CITY%2C+UT+84113
"IHC HEALTH SERVICES, INC.",181 EAST MEDICAL TOWER DRIVE,"MURRAY, UT 84107",http://maps.google.com/maps?q=IHC%20HEALTH%20SERVICES%20INC%2C181%20EAST%20MEDICAL%20TOWER%20DRIVE%2C+MURRAY%2C+UT+84107,
"IHC HEALTH SERVICES, INC.",201 W LAYTON PARKWAY,"LAYTON, UT 84041",http://maps.google.com/maps?q=IHC%20HEALTH%20SERVICES%20INC%2C201%20W%20LAYTON%20PARKWAY%2C+LAYTON%2C+UT+84041,
"IHC HEALTH SERVICES, INC.",3895 HARRISON BLVD,"OGDEN, UT 84403",http://maps.google.com/maps?q=IHC%20HEALTH%20SERVICES%20INC%2C3895%20HARRISON%20BLVD%2C+OGDEN%2C+UT+84403,
"IHC HEALTH SERVICES, INC.",395 W BULLDOG BLVD,SUITE 204,"PROVO, UT 84604",http://maps.google.com/maps?q=IHC%20HEALTH%20SERVICES%20INC%2C395%20W%20BULLDOG%20BLVD%2C+PROVO%2C+UT+84604
"IHC HEALTH SERVICES, INC.",9450 S 1300 E,"SANDY, UT 84094",http://maps.google.com/maps?q=IHC%20HEALTH%20SERVICES%20INC%2C9450%20S%201300%20E%2C+SANDY%2C+UT+84094,
IHC HLTH CENTER PHCY-LOGAN,1350 NORTH 500 EAST,"LOGAN, UT 84341",http://maps.google.com/maps?q=IHC%20HLTH%20CENTER%20PHCYLOGAN%2C1350%20NORTH%20500%20EAST%2C+LOGAN%2C+UT+84341,
IMC COMMUNITY PHARMACY,5121 S COTTONWOOD ST,"MURRAY, UT 84107",http://maps.google.com/maps?q=IMC%20COMMUNITY%20PHARMACY%2C5121%20S%20COTTONWOOD%20ST%2C+MURRAY%2C+UT+84107,
INTERMOUNTAIN AMERICAN FORK PHARMACY,98 NORTH 1100 EAST,SUITE 101,"AMERICAN FORK, UT 84003",http://maps.google.com/maps?q=INTERMOUNTAIN%20AMERICAN%20FORK%20PHARMACY%2C98%20NORTH%201100%20EAST%2C+AMERICAN%20FORK%2C+UT+84003
INTERMOUNTAIN SALT LAKE CLINIC PHARMACY,389 SOUTH 900 EAST,"SALT LAKE CITY, UT 84102",http://maps.google.com/maps?q=INTERMOUNTAIN%20SALT%20LAKE%20CLINIC%20PHARMACY%2C389%20SOUTH%20900%20EAST%2C+SALT%20LAKE%20CITY%2C+UT+84102,
INTERMOUNTAIN SOUTHRIDGE PHARMACY,3723 WEST 12600 SOUTH,SUITE 170,"RIVERTON, UT 84065",http://maps.google.com/maps?q=INTERMOUNTAIN%20SOUTHRIDGE%20PHARMACY%2C3723%20WEST%2012600%20SOUTH%2C+RIVERTON%2C+UT+84065
INTERMOUNTAIN TAYLORSVILLE PHARMACY,3845 WEST 4700 SOUTH,"TAYLORSVILLE, UT 84118",http://maps.google.com/maps?q=INTERMOUNTAIN%20TAYLORSVILLE%20PHARMACY%2C3845%20WEST%204700%20SOUTH%2C+TAYLORSVILLE%2C+UT+84118,
JOLLEY'S SANDY PHARMACY,9829 SOUTH 1300 EAST,#100,"SANDY, UT 84094",http://maps.google.com/maps?q=JOLLEYS%20SANDY%20PHARMACY%2C9829%20SOUTH%201300%20EAST%2C+SANDY%2C+UT+84094
KOOTENAI DRUG,611 E MISSOULA AVE,PO BOX 328,"TROY, MT 59935",http://maps.google.com/maps?q=KOOTENAI%20DRUG%2C611%20E%20MISSOULA%20AVE%2C+TROY%2C+MT+59935
L T DEE PHARMACY,4401 HARRISON BLVD,"OGDEN, UT 84403",http://maps.google.com/maps?q=L%20T%20DEE%20PHARMACY%2C4401%20HARRISON%20BLVD%2C+OGDEN%2C+UT+84403,
LDS OUTPATIENT PHARMACY,8TH AVE & C ST,"SALT LAKE CITY, UT 84143",http://maps.google.com/maps?q=LDS%20OUTPATIENT%20PHARMACY%2C8TH%20AVE%20&%20C%20ST%2C+SALT%20LAKE%20CITY%2C+UT+84143,
LEE'S MARKETPLACE PHARMACY,850 SOUTH MAIN,"SMITHFIELD, UT 84335",http://maps.google.com/maps?q=LEES%20MARKETPLACE%20PHARMACY%2C850%20SOUTH%20MAIN%2C+SMITHFIELD%2C+UT+84335,
"LEE'S MARKETPLACE, INC.",890 SOUTH MAIN STREET,"HEBER CITY, UT 84032",http://maps.google.com/maps?q=LEES%20MARKETPLACE%20INC%2C890%20SOUTH%20MAIN%20STREET%2C+HEBER%20CITY%2C+UT+84032,
LOGAN CLINIC PHARMACY,412 N 200 E,"LOGAN, UT 84321",http://maps.google.com/maps?q=LOGAN%20CLINIC%20PHARMACY%2C412%20N%20200%20E%2C+LOGAN%2C+UT+84321,
MEDICINE MAN NORTH PHARMACY,PHARMACY,8093 CORNERSTONE DR BOX 1706,"HAYDEN, ID 83835",http://maps.google.com/maps?q=MEDICINE%20MAN%20NORTH%20PHARMACY%2CPHARMACY%2C+HAYDEN%2C+ID+83835
MEDS IN MOTION LLC,1220 E 3900 S,SUITE 1H,"SALT LAKE CITY, UT 84124",http://maps.google.com/maps?q=MEDS%20IN%20MOTION%20LLC%2C1220%20E%203900%20S%2C+SALT%20LAKE%20CITY%2C+UT+84124
MOUNTAINLANDS FAMILY PHARMACY,589 SOUTH STATE STREET,"PROVO, UT 84606",http://maps.google.com/maps?q=MOUNTAINLANDS%20FAMILY%20PHARMACY%2C589%20SOUTH%20STATE%20STREET%2C+PROVO%2C+UT+84606,
NORTH VIEW PHARMACY,2121 NORTH ROBINS DRIVE,2121 N. ROBINS DRIVE,"LAYTON, UT 84041",http://maps.google.com/maps?q=NORTH%20VIEW%20PHARMACY%2C2121%20NORTH%20ROBINS%20DRIVE%2C+LAYTON%2C+UT+84041
NORTHWEST COMMUNITY HEALTH CENTER PHARMACY,320 E 2ND ST,"LIBBY, MT 59923",http://maps.google.com/maps?q=NORTHWEST%20COMMUNITY%20HEALTH%20CENTER%20PHARMACY%2C320%20E%202ND%20ST%2C+LIBBY%2C+MT+59923,
PETERSON MARKET LLC,1784 WEST 12600 SOUTH,"RIVERTON, UT 84065",http://maps.google.com/maps?q=PETERSON%20MARKET%20LLC%2C1784%20WEST%2012600%20SOUTH%2C+RIVERTON%2C+UT+84065,
PHC OF UTAH INC DBA HIGHLAND RIDGE HOSPITAL,7309 SOUTH 180 WEST,"MIDVALE, UT 84047",http://maps.google.com/maps?q=PHC%20OF%20UTAH%20INC%20DBA%20HIGHLAND%20RIDGE%20HOSPITAL%2C7309%20SOUTH%20180%20WEST%2C+MIDVALE%2C+UT+84047,
PHS INDIAN HEALTH CENTER,P.O.BOX 160,2 MILES SOUTH OF BOTTLE HOLLOW,"FORT DUCHESNE, UT 84026",http://maps.google.com/maps?q=PHS%20INDIAN%20HEALTH%20CENTER%2CP.O.BOX%20160%2C+FORT%20DUCHESNE%2C+UT+84026
PLAINS DRUG INC,P.O. BOX 609,214 RAILROAD STREET,"PLAINS, MT 59859",http://maps.google.com/maps?q=PLAINS%20DRUG%20INC%2CP.O.%20BOX%20609%2C+PLAINS%2C+MT+59859
PROVIDENCE HEALTH & SERVICES-WASHINGTON,101 W 8TH AVE,STE 207653,"SPOKANE, WA 99204",http://maps.google.com/maps?q=PROVIDENCE%20HEALTH%20%20SERVICESWASHINGTON%2C101%20W%208TH%20AVE%2C+SPOKANE%2C+WA+99204
PROVIDENCE MT CARMEL HOSPITAL PHARMACY,982 E COLUMBIA AVE,"COLVILLE, WA 99114",http://maps.google.com/maps?q=PROVIDENCE%20MT%20CARMEL%20HOSPITAL%20PHARMACY%2C982%20E%20COLUMBIA%20AVE%2C+COLVILLE%2C+WA+99114,
RANGELY PHARMACY,225 EAGLE CREST DR,"RANGELY, CO 81648",http://maps.google.com/maps?q=RANGELY%20PHARMACY%2C225%20EAGLE%20CREST%20DR%2C+RANGELY%2C+CO+81648,
"SELECT PHARMACY, LLC.",628 W 7250 S,"MIDVALE, UT 84047",http://maps.google.com/maps?q=SELECT%20PHARMACY%20LLC%2C628%20W%207250%20S%2C+MIDVALE%2C+UT+84047,
SERVICE DRUG COMPANY,215 WEST MAIN,P.O. BOX 460,"DELTA, UT 84624",http://maps.google.com/maps?q=SERVICE%20DRUG%20COMPANY%2C215%20WEST%20MAIN%2C+DELTA%2C+UT+84624
ST LUKE'S MERIDIAN MEDICAL,520 S. EAGLE ROAD,SUITE 1000,"MERIDIAN, ID 83642",http://maps.google.com/maps?q=ST%20LUKES%20MERIDIAN%20MEDICAL%2C520%20S.%20EAGLE%20ROAD%2C+MERIDIAN%2C+ID+83642
ST LUKE'S REGIONAL MEDICAL CENTER,OUTPATIENT PHARMACY,190 EAST BANNOCK,"BOISE, ID 83712",http://maps.google.com/maps?q=ST%20LUKES%20REGIONAL%20MEDICAL%20CENTER%2COUTPATIENT%20PHARMACY%2C+BOISE%2C+ID+83712
ST. LUKE'S NAMPA MEDICAL CENTER,9850 W. ST. LUKE'S DRIVE,OUTPATIENT PHARMACY,"NAMPA, ID 83687",http://maps.google.com/maps?q=ST%20LUKES%20NAMPA%20MEDICAL%20CENTER%2C9850%20W.%20ST.%20LUKE'S%20DRIVE%2C+NAMPA%2C+ID+83687
TEKOA PHARMACY,124 N CROSBY,PO BOX 808,"TEKOA, WA 99033",http://maps.google.com/maps?q=TEKOA%20PHARMACY%2C124%20N%20CROSBY%2C+TEKOA%2C+WA+99033
THE PRESCRIPTION PAD,1118 NW 16TH ST,STE 150B,"FRUITLAND, ID 83619",http://maps.google.com/maps?q=THE%20PRESCRIPTION%20PAD%2C1118%20NW%2016TH%20ST%2C+FRUITLAND%2C+ID+83619
"TMJ, INC.",8806 S. REDWOOD ROAD,#102,"WEST JORDAN, UT 84088",http://maps.google.com/maps?q=TMJ%20INC%2C8806%20S.%20REDWOOD%20ROAD%2C+WEST%20JORDAN%2C+UT+84088
UNIVERSITY OF UTAH,145 WEST 1300 SOUTH,"OREM, UT 84058",http://maps.google.com/maps?q=UNIVERSITY%20OF%20UTAH%2C145%20WEST%201300%20SOUTH%2C+OREM%2C+UT+84058,
UNIVERSITY OF UTAH,1743 WEST REDSTONE CENTER DR,SUITE 115,"PARK CITY, UT 84098",http://maps.google.com/maps?q=UNIVERSITY%20OF%20UTAH%2C1743%20WEST%20REDSTONE%20CENTER%20DR%2C+PARK%20CITY%2C+UT+84098
UNIVERSITY OF UTAH,220 MILLPOND ROAD,#100,"STANSBURY PARK, UT 84074",http://maps.google.com/maps?q=UNIVERSITY%20OF%20UTAH%2C220%20MILLPOND%20ROAD%2C+STANSBURY%20PARK%2C+UT+84074
UNIVERSITY OF UTAH,3730 WEST 4700 SOUTH,"WEST VALLEY CITY, UT 84118",http://maps.google.com/maps?q=UNIVERSITY%20OF%20UTAH%2C3730%20WEST%204700%20SOUTH%2C+WEST%20VALLEY%20CITY%2C+UT+84118,
UNIVERSITY OF UTAH,555 FOOTHILL BLVD.,SUITE 396,"SALT LAKE CITY, UT 84112",http://maps.google.com/maps?q=UNIVERSITY%20OF%20UTAH%2C555%20FOOTHILL%20BLVD.%2C+SALT%20LAKE%20CITY%2C+UT+84112
UNIVERSITY OF UTAH,590 WAKARA WAY,SUITE 2146,"SALT LAKE CITY, UT 84108",http://maps.google.com/maps?q=UNIVERSITY%20OF%20UTAH%2C590%20WAKARA%20WAY%2C+SALT%20LAKE%20CITY%2C+UT+84108
UNIVERSITY OF UTAH,7495 SOUTH STATE STREET,"MIDVALE, UT 84047",http://maps.google.com/maps?q=UNIVERSITY%20OF%20UTAH%2C7495%20SOUTH%20STATE%20STREET%2C+MIDVALE%2C+UT+84047,
UNIVERSITY OF UTAH,"ATTN: CARRI LYN PALMER, PERSON IN CHARGE",1525 WEST 2100 SOUTH,"SALT LAKE CITY, UT 84119",http://maps.google.com/maps?q=UNIVERSITY%20OF%20UTAH%2CATTN%3A%20CARRI%20LYN%20PALMER%2C%20PERSON%20IN%20CHARGE%2C+SALT%20LAKE%20CITY%2C+UT+84119
UNIVERSITY OF UTAH FARMINGTON PHARMACY,165 N UNIVERSITY AVE RM 102,"FARMINGTON, UT 84025",http://maps.google.com/maps?q=UNIVERSITY%20OF%20UTAH%20FARMINGTON%20PHARMACY%2C165%20N%20UNIVERSITY%20AVE%20RM%20102%2C+FARMINGTON%2C+UT+84025,
UNIVERSITY OF UTAH HOSPITAL,50 N MEDICAL DR RM W1600,"SALT LAKE CITY, UT 84132",http://maps.google.com/maps?q=UNIVERSITY%20OF%20UTAH%20HOSPITAL%2C50%20N%20MEDICAL%20DR%20RM%20W1600%2C+SALT%20LAKE%20CITY%2C+UT+84132,
UNIVERSITY OF UTAH HUNTSMAN OUTPATIENT PHARMACY,1950 CIRCLE OF HOPE,"SALT LAKE CITY, UT 84112",http://maps.google.com/maps?q=UNIVERSITY%20OF%20UTAH%20HUNTSMAN%20OUTPATIENT%20PHARMACY%2C1950%20CIRCLE%20OF%20HOPE%2C+SALT%20LAKE%20CITY%2C+UT+84112,
UNIVERSITY OF UTAH SOUTH JORDAN PHARMACY,5126 WEST DAYBREAK PARKWAY,ROOM 101,"SOUTH JORDAN, UT 84009",http://maps.google.com/maps?q=UNIVERSITY%20OF%20UTAH%20SOUTH%20JORDAN%20PHARMACY%2C5126%20WEST%20DAYBREAK%20PARKWAY%2C+SOUTH%20JORDAN%2C+UT+84009
UNIVERSITY PHARMACY,1320 EAST 200 SOUTH,"SALT LAKE CITY, UT 84102",http://maps.google.com/maps?q=UNIVERSITY%20PHARMACY%2C1320%20EAST%20200%20SOUTH%2C+SALT%20LAKE%20CITY%2C+UT+84102,
USAF- 75TH MEDICAL GROUP/SGSM,7321 BALMER AVENUE,BLDG 570,"HILL AFB, UT 84056",http://maps.google.com/maps?q=USAF%20TH%20MEDICAL%20GROUPSGSM%2C7321%20BALMER%20AVENUE%2C+HILL%20AFB%2C+UT+84056
USAF- 92ND MEDICAL GROUP,ATTN: MEDICAL SUPPLY OFFICER,701 HOSPITAL LOOP/SUITE 40,"FAIRCHILD AFB, WA 99011",http://maps.google.com/maps?q=USAF%20ND%20MEDICAL%20GROUP%2CATTN%3A%20MEDICAL%20SUPPLY%20OFFICER%2C+FAIRCHILD%20AFB%2C+WA+99011
USAF- FM4897,90 HOPE DRIVE,BLDG 6000,"MOUNTAIN HOME AFB, ID 83648",http://maps.google.com/maps?q=USAF%20FM%2C90%20HOPE%20DRIVE%2C+MOUNTAIN%20HOME%20AFB%2C+ID+83648
"UTAH CVS PHARMACY, L.L.C.",1273 N. UNIVERSITY AVE.,"PROVO, UT 84604",http://maps.google.com/maps?q=UTAH%20CVS%20PHARMACY%20LLC%2C1273%20N.%20UNIVERSITY%20AVE.%2C+PROVO%2C+UT+84604,
"UTAH CVS PHARMACY, L.L.C.",3148 WEST 3500 SOUTH,"WEST VALLEY CITY, UT 84119",http://maps.google.com/maps?q=UTAH%20CVS%20PHARMACY%20LLC%2C3148%20WEST%203500%20SOUTH%2C+WEST%20VALLEY%20CITY%2C+UT+84119,
"UTAH CVS PHARMACY, L.L.C.",4240 HARRISON BLVD.,"OGDEN, UT 84403",http://maps.google.com/maps?q=UTAH%20CVS%20PHARMACY%20LLC%2C4240%20HARRISON%20BLVD.%2C+OGDEN%2C+UT+84403,
VIC'S FAMILY PHARMACY INC,1513 12TH AVENUE ROAD,"NAMPA, ID 83686",http://maps.google.com/maps?q=VICS%20FAMILY%20PHARMACY%20INC%2C1513%2012TH%20AVENUE%20ROAD%2C+NAMPA%2C+ID+83686,
VRX PHARMACY DBA: VRX PHARMACY @ CITY CREEK,50 EAST SOUTH TEMPLE,SUITE 145,"SALT LAKE CITY, UT 84111",http://maps.google.com/maps?q=VRX%20PHARMACY%20DBA%20VRX%20PHARMACY%20%20CITY%20CREEK%2C50%20EAST%20SOUTH%20TEMPLE%2C+SALT%20LAKE%20CITY%2C+UT+84111
WALGREEN CO.,1171 W 2000 NORTH,"LAYTON, UT 84041",http://maps.google.com/maps?q=WALGREEN%20CO%2C1171%20W%202000%20NORTH%2C+LAYTON%2C+UT+84041,
WALGREEN CO.,12312 E SPRAGUE AVE,"SPOKANE VALLEY, WA 99216",http://maps.google.com/maps?q=WALGREEN%20CO%2C12312%20E%20SPRAGUE%20AVE%2C+SPOKANE%20VALLEY%2C+WA+99216,
WALGREEN CO.,1311 E 12300 SOUTH,"DRAPER, UT 84020",http://maps.google.com/maps?q=WALGREEN%20CO%2C1311%20E%2012300%20SOUTH%2C+DRAPER%2C+UT+84020,
WALGREEN CO.,1315 N. STATE ST.,"PROVO, UT 84604",http://maps.google.com/maps?q=WALGREEN%20CO%2C1315%20N.%20STATE%20ST.%2C+PROVO%2C+UT+84604,
WALGREEN CO.,2102 NEZ PERCE DR,"LEWISTON, ID 83501",http://maps.google.com/maps?q=WALGREEN%20CO%2C2102%20NEZ%20PERCE%20DR%2C+LEWISTON%2C+ID+83501,
WALGREEN CO.,335 W APPLEWAY AVE,"COEUR D ALENE, ID 83814",http://maps.google.com/maps?q=WALGREEN%20CO%2C335%20W%20APPLEWAY%20AVE%2C+COEUR%20D%20ALENE%2C+ID+83814,
WALGREEN CO.,414 N MAIN ST,"MOSCOW, ID 83843",http://maps.google.com/maps?q=WALGREEN%20CO%2C414%20N%20MAIN%20ST%2C+MOSCOW%2C+ID+83843,
WALGREEN CO.,515 S 500 W,"BOUNTIFUL, UT 84010",http://maps.google.com/maps?q=WALGREEN%20CO%2C515%20S%20500%20W%2C+BOUNTIFUL%2C+UT+84010,
WALGREEN CO.,531 EAST 400 SOUTH,"SALT LAKE CITY, UT 84102",http://maps.google.com/maps?q=WALGREEN%20CO%2C531%20EAST%20400%20SOUTH%2C+SALT%20LAKE%20CITY%2C+UT+84102,
WALGREEN CO.,70 GATEWAY BLVD,"ROCK SPRINGS, WY 82901",http://maps.google.com/maps?q=WALGREEN%20CO%2C70%20GATEWAY%20BLVD%2C+ROCK%20SPRINGS%2C+WY+82901,
WALGREEN CO.,700 12TH AVENUE S,"NAMPA, ID 83651",http://maps.google.com/maps?q=WALGREEN%20CO%2C700%2012TH%20AVENUE%20S%2C+NAMPA%2C+ID+83651,
WALGREEN CO.,7794 S REDWOOD RD,"WEST JORDAN, UT 84084",http://maps.google.com/maps?q=WALGREEN%20CO%2C7794%20S%20REDWOOD%20RD%2C+WEST%20JORDAN%2C+UT+84084,
WALGREEN CO.,7905 N DIVISION ST,"SPOKANE, WA 99208",http://maps.google.com/maps?q=WALGREEN%20CO%2C7905%20N%20DIVISION%20ST%2C+SPOKANE%2C+WA+99208,
WALGREEN CO.,8100 W FAIRVIEW AVE.,"BOISE, ID 83704",http://maps.google.com/maps?q=WALGREEN%20CO%2C8100%20W%20FAIRVIEW%20AVE.%2C+BOISE%2C+ID+83704,
WALGREEN CO.,909 E 2100 S,"SALT LAKE CITY, UT 84106",http://maps.google.com/maps?q=WALGREEN%20CO%2C909%20E%202100%20S%2C+SALT%20LAKE%20CITY%2C+UT+84106,
WEBER COUNTY HUMAN SERVICES PHARMACY,237 26TH STREET,"OGDEN, UT 84401",http://maps.google.com/maps?q=WEBER%20COUNTY%20HUMAN%20SERVICES%20PHARMACY%2C237%2026TH%20STREET%2C+OGDEN%2C+UT+84401,
"WEE CARE PHARMACY, INC","ATTN: R. FERRIS DERBIDGE, PERSON IN CHARGE","1580 WEST ANTELOPE DRIVE, SUITE 130A","LAYTON, UT 84041",http://maps.google.com/maps?q=WEE%20CARE%20PHARMACY%20INC%2CATTN%3A%20R.%20FERRIS%20DERBIDGE%2C%20PERSON%20IN%20CHARGE%2C+LAYTON%2C+UT+84041
WELLPINIT PHS INDIAN HLTH CTR,6203 AGENCY LOOP ROAD,P.O. BOX 357,"WELLPINIT, WA 99040",http://maps.google.com/maps?q=WELLPINIT%20PHS%20INDIAN%20HLTH%20CTR%2C6203%20AGENCY%20LOOP%20ROAD%2C+WELLPINIT%2C+WA+99040
