Business Name,Address 1,Address 2,"City, State Zip",Map URL
13TH AVENUE PHARMACY INC,5211 13TH AVENUE,"BROOKLYN, NY 11219",http://maps.google.com/maps?q=TH%20AVENUE%20PHARMACY%20INC%2C5211%2013TH%20AVENUE%2C+BROOKLYN%2C+NY+11219,
AIDS HEALTHCARE FOUNDATION,475 ATLANTIC AVE,"BROOKLYN, NY 11217",http://maps.google.com/maps?q=AIDS%20HEALTHCARE%20FOUNDATION%2C475%20ATLANTIC%20AVE%2C+BROOKLYN%2C+NY+11217,
ALEXANDER INFUSION LLC,75 NASSAU TERMINAL ROAD,"NEW HYDE PARK, NY 11040",http://maps.google.com/maps?q=ALEXANDER%20INFUSION%20LLC%2C75%20NASSAU%20TERMINAL%20ROAD%2C+NEW%20HYDE%20PARK%2C+NY+11040,
ALLURE SPECIALTY PHARMACY,4377 BRONX BLVD,"BRONX, NY 10466",http://maps.google.com/maps?q=ALLURE%20SPECIALTY%20PHARMACY%2C4377%20BRONX%20BLVD%2C+BRONX%2C+NY+10466,
AMI PHARMACY,4180 BROADWAY,"NEW YORK, NY 10033",http://maps.google.com/maps?q=AMI%20PHARMACY%2C4180%20BROADWAY%2C+NEW%20YORK%2C+NY+10033,
"ANAYA I, INC.",23 S. MAIN ST.,UNIT A,"FREEPORT, NY 11520",http://maps.google.com/maps?q=ANAYA%20I%20INC%2C23%20S.%20MAIN%20ST.%2C+FREEPORT%2C+NY+11520
ASCAN PHARMACY INC.,101-21 METROPOLITAN AVENUE,"FOREST HILLS, NY 11375",http://maps.google.com/maps?q=ASCAN%20PHARMACY%20INC%2C101-21%20METROPOLITAN%20AVENUE%2C+FOREST%20HILLS%2C+NY+11375,
AVIGHNA RX LLC,7 BEDFORD PARK BLVD,"BRONX, NY 10468",http://maps.google.com/maps?q=AVIGHNA%20RX%20LLC%2C7%20BEDFORD%20PARK%20BLVD%2C+BRONX%2C+NY+10468,
AVK RX INC.,3904 CHURCH AVE,"BROOKLYN, NY 11203",http://maps.google.com/maps?q=AVK%20RX%20INC%2C3904%20CHURCH%20AVE%2C+BROOKLYN%2C+NY+11203,
AVONORA INC,14901 UNION TPKE,"FLUSHING, NY 11367",http://maps.google.com/maps?q=AVONORA%20INC%2C14901%20UNION%20TPKE%2C+FLUSHING%2C+NY+11367,
"B & B PHARMACY, INC.",79-08 37TH AVE,"JACKSON HEIGHTS, NY 11372",http://maps.google.com/maps?q=B%20%20B%20PHARMACY%20INC%2C79-08%2037TH%20AVE%2C+JACKSON%20HEIGHTS%2C+NY+11372,
BANDSTAND CORPORATION,226 PROSPECT PARK W,"BROOKLYN, NY 11215",http://maps.google.com/maps?q=BANDSTAND%20CORPORATION%2C226%20PROSPECT%20PARK%20W%2C+BROOKLYN%2C+NY+11215,
BARDONIA PHARMACY LLC,301 ROUTE 304,SUITE 4,"BARDONIA, NY 10954",http://maps.google.com/maps?q=BARDONIA%20PHARMACY%20LLC%2C301%20ROUTE%20304%2C+BARDONIA%2C+NY+10954
BAYSIDE PHARMACY INC.,221-36 HORACE HARDING EXPRESSWAY,"OAKLAND GARDENS, NY 11364",http://maps.google.com/maps?q=BAYSIDE%20PHARMACY%20INC%2C221-36%20HORACE%20HARDING%20EXPRESSWAY%2C+OAKLAND%20GARDENS%2C+NY+11364,
BAYSTATE MEDICAL CENTER INC,759 CHESTNUT ST,"SPRINGFIELD, MA 01199",http://maps.google.com/maps?q=BAYSTATE%20MEDICAL%20CENTER%20INC%2C759%20CHESTNUT%20ST%2C+SPRINGFIELD%2C+MA+01199,
BESAEL CORP,DBA OAK PARK PHARMACY,205 PROSPECT PARK WEST,"BROOKLYN, NY 11215",http://maps.google.com/maps?q=BESAEL%20CORP%2CDBA%20OAK%20PARK%20PHARMACY%2C+BROOKLYN%2C+NY+11215
BETH ISRAEL DEACONESS / NEEDHAM,148 CHESTNUT STREET,"NEEDHAM, MA 02492",http://maps.google.com/maps?q=BETH%20ISRAEL%20DEACONESS%20%20NEEDHAM%2C148%20CHESTNUT%20STREET%2C+NEEDHAM%2C+MA+02492,
"BETH ISRAEL DEACONESS HOSPITAL-PLYMOUTH, INC.",275 SANDWICH STREET,"PLYMOUTH, MA 02360",http://maps.google.com/maps?q=BETH%20ISRAEL%20DEACONESS%20HOSPITALPLYMOUTH%20INC%2C275%20SANDWICH%20STREET%2C+PLYMOUTH%2C+MA+02360,
BEVERLY HOSPITAL,C/O PHARMACY DEPT,85 HERRICK ST,"BEVERLY, MA 01915",http://maps.google.com/maps?q=BEVERLY%20HOSPITAL%2CC/O%20PHARMACY%20DEPT%2C+BEVERLY%2C+MA+01915
BIDMC PHARMACY,364 BROOKLINE AVE,"BOSTON, MA 02215",http://maps.google.com/maps?q=BIDMC%20PHARMACY%2C364%20BROOKLINE%20AVE%2C+BOSTON%2C+MA+02215,
BOICEVILLE PHARMACY,P.O. BOX 474,ATTN: SUPERVISING PHARMACIST,"BOICEVILLE, NY 12412",http://maps.google.com/maps?q=BOICEVILLE%20PHARMACY%2CP.O.%20BOX%20474%2C+BOICEVILLE%2C+NY+12412
BOSTON MEDICAL CENTER,MENINO CAMPUS,840 HARRISON AVE,"BOSTON, MA 02118",http://maps.google.com/maps?q=BOSTON%20MEDICAL%20CENTER%2CMENINO%20CAMPUS%2C+BOSTON%2C+MA+02118
BOSTON MEDICAL CENTER PHARMACY AT SHAPIRO,725 ALBANY ST,PHARMACY,"BOSTON, MA 02118",http://maps.google.com/maps?q=BOSTON%20MEDICAL%20CENTER%20PHARMACY%20AT%20SHAPIRO%2C725%20ALBANY%20ST%2C+BOSTON%2C+MA+02118
BRATTLEBORO MEMORIAL HOSP,PHARMACY DEPT.,17 BELMONT AVE.,"BRATTLEBORO, VT 05301",http://maps.google.com/maps?q=BRATTLEBORO%20MEMORIAL%20HOSP%2CPHARMACY%20DEPT.%2C+BRATTLEBORO%2C+VT+05301
BRIGHAM AND WOMEN'S HOSPITAL,75 FRANCIS STREET,DEPT OF PHARMACY TWR L2-504,"BOSTON, MA 02115",http://maps.google.com/maps?q=BRIGHAM%20AND%20WOMENS%20HOSPITAL%2C75%20FRANCIS%20STREET%2C+BOSTON%2C+MA+02115
BRIGHAM AND WOMEN'S HOSPITAL,850 BOYLSTON STREET,"DELIVER TO PHARMACY DEPT, 75 F","CHESTNUT HILL, MA 02467",http://maps.google.com/maps?q=BRIGHAM%20AND%20WOMENS%20HOSPITAL%2C850%20BOYLSTON%20STREET%2C+CHESTNUT%20HILL%2C+MA+02467
CAPE COD HEALTHCARE PHARMACY AT FALMOUTH HOSPITAL,100 TER HEUN DRIVE,"FALMOUTH, MA 02540",http://maps.google.com/maps?q=CAPE%20COD%20HEALTHCARE%20PHARMACY%20AT%20FALMOUTH%20HOSPITAL%2C100%20TER%20HEUN%20DRIVE%2C+FALMOUTH%2C+MA+02540,
CAREMART PHARMACY LLC,95-02 VAN WYCK EXPY,"S RICHMOND HILL, NY 11419",http://maps.google.com/maps?q=CAREMART%20PHARMACY%20LLC%2C95-02%20VAN%20WYCK%20EXPY%2C+S%20RICHMOND%20HILL%2C+NY+11419,
"CARING HEALTH CENTER, INC.",1049 MAIN STREET,"SPRINGFIELD, MA 01103",http://maps.google.com/maps?q=CARING%20HEALTH%20CENTER%20INC%2C1049%20MAIN%20STREET%2C+SPRINGFIELD%2C+MA+01103,
CASTLE HILL DRUGS INC.,674 CASTLE HILL  AVENUE,"BRONX, NY 10473",http://maps.google.com/maps?q=CASTLE%20HILL%20DRUGS%20INC%2C674%20CASTLE%20HILL%20%20AVENUE%2C+BRONX%2C+NY+10473,
CASTLE TOPP PHARMACY CORP.,1370A CASTLE HILL AVE,"BRONX, NY 10462",http://maps.google.com/maps?q=CASTLE%20TOPP%20PHARMACY%20CORP%2C1370A%20CASTLE%20HILL%20AVE%2C+BRONX%2C+NY+10462,
CATHOLIC MEDICAL CENTER HOSP,100 MCGREGOR STREET,"MANCHESTER, NH 03102",http://maps.google.com/maps?q=CATHOLIC%20MEDICAL%20CENTER%20HOSP%2C100%20MCGREGOR%20STREET%2C+MANCHESTER%2C+NH+03102,
CEDARS PHARMACY,95-19 57 AVENUE,"ELMHURST, NY 11373",http://maps.google.com/maps?q=CEDARS%20PHARMACY%2C95-19%2057%20AVENUE%2C+ELMHURST%2C+NY+11373,
CENTRAL SUFFOLK HOSPITAL,1300 ROANOKE AVE,PHARMACY DEPARTMENT,"RIVERHEAD, NY 11901",http://maps.google.com/maps?q=CENTRAL%20SUFFOLK%20HOSPITAL%2C1300%20ROANOKE%20AVE%2C+RIVERHEAD%2C+NY+11901
CHARTER OAK HEALTH CENTER,PHARMACY,21 GRAND STREET,"HARTFORD, CT 06106",http://maps.google.com/maps?q=CHARTER%20OAK%20HEALTH%20CENTER%2CPHARMACY%2C+HARTFORD%2C+CT+06106
CITY CHEMIST CORP.,324 MAIN STREET,"POUGHKEEPSIE, NY 12601",http://maps.google.com/maps?q=CITY%20CHEMIST%20CORP%2C324%20MAIN%20STREET%2C+POUGHKEEPSIE%2C+NY+12601,
COMMUNITY CARE RX INC.,86 FRONT STREET,"HEMPSTEAD, NY 11550",http://maps.google.com/maps?q=COMMUNITY%20CARE%20RX%20INC%2C86%20FRONT%20STREET%2C+HEMPSTEAD%2C+NY+11550,
CRESTWOOD HEALTH INC.,26-A PICOTTE DR.,ATTN: SUPERVISING PHARMACIST,"ALBANY, NY 12208",http://maps.google.com/maps?q=CRESTWOOD%20HEALTH%20INC%2C26-A%20PICOTTE%20DR.%2C+ALBANY%2C+NY+12208
CROSSBAY CHEMISTS CORP,157-02 CROSSBAY BOULEVARD,"HOWARD BEACH, NY 11414",http://maps.google.com/maps?q=CROSSBAY%20CHEMISTS%20CORP%2C157-02%20CROSSBAY%20BOULEVARD%2C+HOWARD%20BEACH%2C+NY+11414,
CURE-AID PHARMACY INC.,203 ESSEX ST,"LAWRENCE, MA 01840",http://maps.google.com/maps?q=CUREAID%20PHARMACY%20INC%2C203%20ESSEX%20ST%2C+LAWRENCE%2C+MA+01840,
"CVS ALBANY, L.L.C.",100-02 QUEENS BOULEVARD,"FOREST HILLS, NY 11375",http://maps.google.com/maps?q=CVS%20ALBANY%20LLC%2C100-02%20QUEENS%20BOULEVARD%2C+FOREST%20HILLS%2C+NY+11375,
"CVS ALBANY, L.L.C.",12 WELCHER AVE.,"PEEKSKILL, NY 10566",http://maps.google.com/maps?q=CVS%20ALBANY%20LLC%2C12%20WELCHER%20AVE.%2C+PEEKSKILL%2C+NY+10566,
"CVS ALBANY, L.L.C.",1396 SECOND AVENUE,"NEW YORK, NY 10021",http://maps.google.com/maps?q=CVS%20ALBANY%20LLC%2C1396%20SECOND%20AVENUE%2C+NEW%20YORK%2C+NY+10021,
"CVS ALBANY, L.L.C.",150 EAST 42ND ST.,"NEW YORK, NY 10017",http://maps.google.com/maps?q=CVS%20ALBANY%20LLC%2C150%20EAST%2042ND%20ST.%2C+NEW%20YORK%2C+NY+10017,
"CVS ALBANY, L.L.C.",1827 MAIN ST.,"PEEKSKILL, NY 10566",http://maps.google.com/maps?q=CVS%20ALBANY%20LLC%2C1827%20MAIN%20ST.%2C+PEEKSKILL%2C+NY+10566,
"CVS ALBANY, L.L.C.",1916 WILLIAMSBRIDGE ROAD,"BRONX, NY 10461",http://maps.google.com/maps?q=CVS%20ALBANY%20LLC%2C1916%20WILLIAMSBRIDGE%20ROAD%2C+BRONX%2C+NY+10461,
"CVS ALBANY, L.L.C.",1944 DEER PARK AVE,DEER PARK S/C,"DEER PARK, NY 11729",http://maps.google.com/maps?q=CVS%20ALBANY%20LLC%2C1944%20DEER%20PARK%20AVE%2C+DEER%20PARK%2C+NY+11729
"CVS ALBANY, L.L.C.",2 E. JERICHO TPKE,"HUNTINGTON STATION, NY 11746",http://maps.google.com/maps?q=CVS%20ALBANY%20LLC%2C2%20E.%20JERICHO%20TPKE%2C+HUNTINGTON%20STATION%2C+NY+11746,
"CVS ALBANY, L.L.C.",20 MERRICK RD.,"AMITYVILLE, NY 11701",http://maps.google.com/maps?q=CVS%20ALBANY%20LLC%2C20%20MERRICK%20RD.%2C+AMITYVILLE%2C+NY+11701,
"CVS ALBANY, L.L.C.",201 GLEN ST.,"GLEN COVE, NY 11542",http://maps.google.com/maps?q=CVS%20ALBANY%20LLC%2C201%20GLEN%20ST.%2C+GLEN%20COVE%2C+NY+11542,
"CVS ALBANY, L.L.C.",202 OLD COUNTRY ROAD,"HICKSVILLE, NY 11801",http://maps.google.com/maps?q=CVS%20ALBANY%20LLC%2C202%20OLD%20COUNTRY%20ROAD%2C+HICKSVILLE%2C+NY+11801,
"CVS ALBANY, L.L.C.","2040 WESTERN AVENUE, ROUTE 155","ALBANY, NY 12203",http://maps.google.com/maps?q=CVS%20ALBANY%20LLC%2C2040%20WESTERN%20AVENUE%2C%20ROUTE%20155%2C+ALBANY%2C+NY+12203,
"CVS ALBANY, L.L.C.",212-20 NORTHERN BOULEVARD,"BAYSIDE, NY 11361",http://maps.google.com/maps?q=CVS%20ALBANY%20LLC%2C212-20%20NORTHERN%20BOULEVARD%2C+BAYSIDE%2C+NY+11361,
"CVS ALBANY, L.L.C.",219-39 89TH AVENUE,"QUEENS VILLAGE, NY 11427",http://maps.google.com/maps?q=CVS%20ALBANY%20LLC%2C219-39%2089TH%20AVENUE%2C+QUEENS%20VILLAGE%2C+NY+11427,
"CVS ALBANY, L.L.C.",2290 CENTRAL PARK AVENUE,"YONKERS, NY 10710",http://maps.google.com/maps?q=CVS%20ALBANY%20LLC%2C2290%20CENTRAL%20PARK%20AVENUE%2C+YONKERS%2C+NY+10710,
"CVS ALBANY, L.L.C.",241 WEST 57TH STREET,"NEW YORK, NY 10019",http://maps.google.com/maps?q=CVS%20ALBANY%20LLC%2C241%20WEST%2057TH%20STREET%2C+NEW%20YORK%2C+NY+10019,
"CVS ALBANY, L.L.C.",2419 HEMPSTEAD TPKE.,"EAST MEADOW, NY 11554",http://maps.google.com/maps?q=CVS%20ALBANY%20LLC%2C2419%20HEMPSTEAD%20TPKE.%2C+EAST%20MEADOW%2C+NY+11554,
"CVS ALBANY, L.L.C.",253 FIRST AVENUE,"NEW YORK, NY 10003",http://maps.google.com/maps?q=CVS%20ALBANY%20LLC%2C253%20FIRST%20AVENUE%2C+NEW%20YORK%2C+NY+10003,
"CVS ALBANY, L.L.C.",260 DELAWARE AVENUE,"DELMAR, NY 12054",http://maps.google.com/maps?q=CVS%20ALBANY%20LLC%2C260%20DELAWARE%20AVENUE%2C+DELMAR%2C+NY+12054,
"CVS ALBANY, L.L.C.",280 SOUTH MAIN STREET,"NEW CITY, NY 10956",http://maps.google.com/maps?q=CVS%20ALBANY%20LLC%2C280%20SOUTH%20MAIN%20STREET%2C+NEW%20CITY%2C+NY+10956,
"CVS ALBANY, L.L.C.",2925 KINGS HIGHWAY,"BROOKLYN, NY 11229",http://maps.google.com/maps?q=CVS%20ALBANY%20LLC%2C2925%20KINGS%20HIGHWAY%2C+BROOKLYN%2C+NY+11229,
"CVS ALBANY, L.L.C.",294 KATONAH AVENUE,"KATONAH, NY 10536",http://maps.google.com/maps?q=CVS%20ALBANY%20LLC%2C294%20KATONAH%20AVENUE%2C+KATONAH%2C+NY+10536,
"CVS ALBANY, L.L.C.",309 MAIN ST.,"NEW ROCHELLE, NY 10801",http://maps.google.com/maps?q=CVS%20ALBANY%20LLC%2C309%20MAIN%20ST.%2C+NEW%20ROCHELLE%2C+NY+10801,
"CVS ALBANY, L.L.C.",3101 DITMARS BLVD.,"ASTORIA, NY 11105",http://maps.google.com/maps?q=CVS%20ALBANY%20LLC%2C3101%20DITMARS%20BLVD.%2C+ASTORIA%2C+NY+11105,
"CVS ALBANY, L.L.C.",325 MAMARONECK AVE.,"WHITE PLAINS, NY 10605",http://maps.google.com/maps?q=CVS%20ALBANY%20LLC%2C325%20MAMARONECK%20AVE.%2C+WHITE%20PLAINS%2C+NY+10605,
"CVS ALBANY, L.L.C.",34 CONGRESS ST.,"SARATOGA SPRINGS, NY 12866",http://maps.google.com/maps?q=CVS%20ALBANY%20LLC%2C34%20CONGRESS%20ST.%2C+SARATOGA%20SPRINGS%2C+NY+12866,
"CVS ALBANY, L.L.C.",3775 E. TREMONT AVE.,"BRONX, NY 10465",http://maps.google.com/maps?q=CVS%20ALBANY%20LLC%2C3775%20E.%20TREMONT%20AVE.%2C+BRONX%2C+NY+10465,
"CVS ALBANY, L.L.C.",403 ATLANTIC AVENUE,"FREEPORT, NY 11520",http://maps.google.com/maps?q=CVS%20ALBANY%20LLC%2C403%20ATLANTIC%20AVENUE%2C+FREEPORT%2C+NY+11520,
"CVS ALBANY, L.L.C.",4170 ALBANY POST RD.,"HYDE PARK, NY 12538",http://maps.google.com/maps?q=CVS%20ALBANY%20LLC%2C4170%20ALBANY%20POST%20RD.%2C+HYDE%20PARK%2C+NY+12538,
"CVS ALBANY, L.L.C.",4331 NESCONSET HWY.,"PORT JEFFERSON STN, NY 11776",http://maps.google.com/maps?q=CVS%20ALBANY%20LLC%2C4331%20NESCONSET%20HWY.%2C+PORT%20JEFFERSON%20STN%2C+NY+11776,
"CVS ALBANY, L.L.C.",44 NORTH CENTRAL AVENUE,"VALLEY STREAM, NY 11580",http://maps.google.com/maps?q=CVS%20ALBANY%20LLC%2C44%20NORTH%20CENTRAL%20AVENUE%2C+VALLEY%20STREAM%2C+NY+11580,
"CVS ALBANY, L.L.C.",4901 KINGS HIGHWAY,"BROOKLYN, NY 11234",http://maps.google.com/maps?q=CVS%20ALBANY%20LLC%2C4901%20KINGS%20HIGHWAY%2C+BROOKLYN%2C+NY+11234,
"CVS ALBANY, L.L.C.",499 MONTAUK HIGHWAY,"WEST ISLIP, NY 11795",http://maps.google.com/maps?q=CVS%20ALBANY%20LLC%2C499%20MONTAUK%20HIGHWAY%2C+WEST%20ISLIP%2C+NY+11795,
"CVS ALBANY, L.L.C.",540 AMSTERDAM AVENUE,"NEW YORK, NY 10024",http://maps.google.com/maps?q=CVS%20ALBANY%20LLC%2C540%20AMSTERDAM%20AVENUE%2C+NEW%20YORK%2C+NY+10024,
"CVS ALBANY, L.L.C.",598 COLUMBIA TURNPIKE,"EAST GREENBUSH, NY 12061",http://maps.google.com/maps?q=CVS%20ALBANY%20LLC%2C598%20COLUMBIA%20TURNPIKE%2C+EAST%20GREENBUSH%2C+NY+12061,
"CVS ALBANY, L.L.C.",630 LEXINGTON AVENUE,"NEW YORK, NY 10022",http://maps.google.com/maps?q=CVS%20ALBANY%20LLC%2C630%20LEXINGTON%20AVENUE%2C+NEW%20YORK%2C+NY+10022,
"CVS ALBANY, L.L.C.",7960 METROPOLITAN AVENUE,"MIDDLE VILLAGE, NY 11379",http://maps.google.com/maps?q=CVS%20ALBANY%20LLC%2C7960%20METROPOLITAN%20AVENUE%2C+MIDDLE%20VILLAGE%2C+NY+11379,
"CVS ALBANY, L.L.C.",839 RTE 146,"CLIFTON PARK, NY 12065",http://maps.google.com/maps?q=CVS%20ALBANY%20LLC%2C839%20RTE%20146%2C+CLIFTON%20PARK%2C+NY+12065,
"CVS ALBANY, L.L.C.",89-11 NORTHERN BLVD.,"JACKSON HEIGHTS, NY 11372",http://maps.google.com/maps?q=CVS%20ALBANY%20LLC%2C89-11%20NORTHERN%20BLVD.%2C+JACKSON%20HEIGHTS%2C+NY+11372,
"CVS MANCHESTER NH, L.L.C.",242 MAIN STREET,"NASHUA, NH 03060",http://maps.google.com/maps?q=CVS%20MANCHESTER%20NH%20LLC%2C242%20MAIN%20STREET%2C+NASHUA%2C+NH+03060,
"CVS MANCHESTER NH, L.L.C.",268 WEST ST.,"KEENE, NH 03431",http://maps.google.com/maps?q=CVS%20MANCHESTER%20NH%20LLC%2C268%20WEST%20ST.%2C+KEENE%2C+NH+03431,
"CVS PHARMACY, INC.",105 DAVIS STRAITS,"FALMOUTH, MA 02540",http://maps.google.com/maps?q=CVS%20PHARMACY%20INC%2C105%20DAVIS%20STRAITS%2C+FALMOUTH%2C+MA+02540,
"CVS PHARMACY, INC.",1145 KEMPTON STREET,"NEW BEDFORD, MA 02740",http://maps.google.com/maps?q=CVS%20PHARMACY%20INC%2C1145%20KEMPTON%20STREET%2C+NEW%20BEDFORD%2C+MA+02740,
"CVS PHARMACY, INC.",115 STAFFORD ST.,"WORCESTER, MA 01603",http://maps.google.com/maps?q=CVS%20PHARMACY%20INC%2C115%20STAFFORD%20ST.%2C+WORCESTER%2C+MA+01603,
"CVS PHARMACY, INC.",12 HARVARD ST.,"WALTHAM, MA 02453",http://maps.google.com/maps?q=CVS%20PHARMACY%20INC%2C12%20HARVARD%20ST.%2C+WALTHAM%2C+MA+02453,
"CVS PHARMACY, INC.",1267 MAIN STREET,"BROCKTON, MA 02301",http://maps.google.com/maps?q=CVS%20PHARMACY%20INC%2C1267%20MAIN%20STREET%2C+BROCKTON%2C+MA+02301,
"CVS PHARMACY, INC.",1280 WORCESTER RD.,"FRAMINGHAM, MA 01702",http://maps.google.com/maps?q=CVS%20PHARMACY%20INC%2C1280%20WORCESTER%20RD.%2C+FRAMINGHAM%2C+MA+01702,
"CVS PHARMACY, INC.",13-1/2 POND STREET,"NEWBURYPORT, MA 01950",http://maps.google.com/maps?q=CVS%20PHARMACY%20INC%2C13-1/2%20POND%20STREET%2C+NEWBURYPORT%2C+MA+01950,
"CVS PHARMACY, INC.",136 NAHATAN ST.,"NORWOOD, MA 02062",http://maps.google.com/maps?q=CVS%20PHARMACY%20INC%2C136%20NAHATAN%20ST.%2C+NORWOOD%2C+MA+02062,
"CVS PHARMACY, INC.",137 FEDERAL STREET,"GREENFIELD, MA 01301",http://maps.google.com/maps?q=CVS%20PHARMACY%20INC%2C137%20FEDERAL%20STREET%2C+GREENFIELD%2C+MA+01301,
"CVS PHARMACY, INC.",137 SOUTH MAIN STREET,"MILFORD, MA 01757",http://maps.google.com/maps?q=CVS%20PHARMACY%20INC%2C137%20SOUTH%20MAIN%20STREET%2C+MILFORD%2C+MA+01757,
"CVS PHARMACY, INC.",137 WEST CENTRAL STREET,"NATICK, MA 01760",http://maps.google.com/maps?q=CVS%20PHARMACY%20INC%2C137%20WEST%20CENTRAL%20STREET%2C+NATICK%2C+MA+01760,
"CVS PHARMACY, INC.",1616 MEMORIAL DR.,"CHICOPEE, MA 01020",http://maps.google.com/maps?q=CVS%20PHARMACY%20INC%2C1616%20MEMORIAL%20DR.%2C+CHICOPEE%2C+MA+01020,
"CVS PHARMACY, INC.",1620 PRESIDENT AVENUE,"FALL RIVER, MA 02720",http://maps.google.com/maps?q=CVS%20PHARMACY%20INC%2C1620%20PRESIDENT%20AVENUE%2C+FALL%20RIVER%2C+MA+02720,
"CVS PHARMACY, INC.",171 NORTH MAIN STREET,"RANDOLPH, MA 02368",http://maps.google.com/maps?q=CVS%20PHARMACY%20INC%2C171%20NORTH%20MAIN%20STREET%2C+RANDOLPH%2C+MA+02368,
"CVS PHARMACY, INC.",1815 MIDDLESEX STREET,"LOWELL, MA 01851",http://maps.google.com/maps?q=CVS%20PHARMACY%20INC%2C1815%20MIDDLESEX%20STREET%2C+LOWELL%2C+MA+01851,
"CVS PHARMACY, INC.",1880 OCEAN STREET,"MARSHFIELD, MA 02050",http://maps.google.com/maps?q=CVS%20PHARMACY%20INC%2C1880%20OCEAN%20STREET%2C+MARSHFIELD%2C+MA+02050,
"CVS PHARMACY, INC.",19 DODGE ST.,"BEVERLY, MA 01915",http://maps.google.com/maps?q=CVS%20PHARMACY%20INC%2C19%20DODGE%20ST.%2C+BEVERLY%2C+MA+01915,
"CVS PHARMACY, INC.",197 BOSTON TURNPIKE RTE 9,"SHREWSBURY, MA 01545",http://maps.google.com/maps?q=CVS%20PHARMACY%20INC%2C197%20BOSTON%20TURNPIKE%20RTE%209%2C+SHREWSBURY%2C+MA+01545,
"CVS PHARMACY, INC.",261 CHAUNCY STREET,"MANSFIELD, MA 02048",http://maps.google.com/maps?q=CVS%20PHARMACY%20INC%2C261%20CHAUNCY%20STREET%2C+MANSFIELD%2C+MA+02048,
"CVS PHARMACY, INC.",264 EAST MAIN STREET,"MARLBORO, MA 01752",http://maps.google.com/maps?q=CVS%20PHARMACY%20INC%2C264%20EAST%20MAIN%20STREET%2C+MARLBORO%2C+MA+01752,
"CVS PHARMACY, INC.",27-43 MAIN STREET,"WATERTOWN, MA 02472",http://maps.google.com/maps?q=CVS%20PHARMACY%20INC%2C27-43%20MAIN%20STREET%2C+WATERTOWN%2C+MA+02472,
"CVS PHARMACY, INC.","272 EAST CENTRAL STREET, ROUTE 140","FRANKLIN, MA 02038",http://maps.google.com/maps?q=CVS%20PHARMACY%20INC%2C272%20EAST%20CENTRAL%20STREET%2C%20ROUTE%20140%2C+FRANKLIN%2C+MA+02038,
"CVS PHARMACY, INC.",284 WINTHROP ST.,TAUNTON PLZ,"TAUNTON, MA 02780",http://maps.google.com/maps?q=CVS%20PHARMACY%20INC%2C284%20WINTHROP%20ST.%2C+TAUNTON%2C+MA+02780
"CVS PHARMACY, INC.",300 LONGWOOD AVE.,CHILDRENS HOSPITAL,"BOSTON, MA 02115",http://maps.google.com/maps?q=CVS%20PHARMACY%20INC%2C300%20LONGWOOD%20AVE.%2C+BOSTON%2C+MA+02115
"CVS PHARMACY, INC.",314 MAIN STREET,"GARDNER, MA 01440",http://maps.google.com/maps?q=CVS%20PHARMACY%20INC%2C314%20MAIN%20STREET%2C+GARDNER%2C+MA+01440,
"CVS PHARMACY, INC.",336 BRIDGE ST.,"LOWELL, MA 01850",http://maps.google.com/maps?q=CVS%20PHARMACY%20INC%2C336%20BRIDGE%20ST.%2C+LOWELL%2C+MA+01850,
"CVS PHARMACY, INC.",36 WHITE STREET,"CAMBRIDGE, MA 02140",http://maps.google.com/maps?q=CVS%20PHARMACY%20INC%2C36%20WHITE%20STREET%2C+CAMBRIDGE%2C+MA+02140,
"CVS PHARMACY, INC.",400 MASSACHUSETTS AVENUE,"ACTON, MA 01720",http://maps.google.com/maps?q=CVS%20PHARMACY%20INC%2C400%20MASSACHUSETTS%20AVENUE%2C+ACTON%2C+MA+01720,
"CVS PHARMACY, INC.",400 PARK AVE.,"WORCESTER, MA 01610",http://maps.google.com/maps?q=CVS%20PHARMACY%20INC%2C400%20PARK%20AVE.%2C+WORCESTER%2C+MA+01610,
"CVS PHARMACY, INC.",42 BEALE STREET,"WOLLASTON, MA 02170",http://maps.google.com/maps?q=CVS%20PHARMACY%20INC%2C42%20BEALE%20STREET%2C+WOLLASTON%2C+MA+02170,
"CVS PHARMACY, INC.",425 LOWELL AVE.,"HAVERHILL, MA 01832",http://maps.google.com/maps?q=CVS%20PHARMACY%20INC%2C425%20LOWELL%20AVE.%2C+HAVERHILL%2C+MA+01832,
"CVS PHARMACY, INC.",474 WASHINGTON ST.,"WEYMOUTH, MA 02188",http://maps.google.com/maps?q=CVS%20PHARMACY%20INC%2C474%20WASHINGTON%20ST.%2C+WEYMOUTH%2C+MA+02188,
"CVS PHARMACY, INC.",500 GRAFTON STREET,"WORCESTER, MA 01604",http://maps.google.com/maps?q=CVS%20PHARMACY%20INC%2C500%20GRAFTON%20STREET%2C+WORCESTER%2C+MA+01604,
"CVS PHARMACY, INC.",590 FELLSWAY,"MEDFORD, MA 02155",http://maps.google.com/maps?q=CVS%20PHARMACY%20INC%2C590%20FELLSWAY%2C+MEDFORD%2C+MA+02155,
"CVS PHARMACY, INC.",600 STATE ST,"SPRINGFIELD, MA 01109",http://maps.google.com/maps?q=CVS%20PHARMACY%20INC%2C600%20STATE%20ST%2C+SPRINGFIELD%2C+MA+01109,
"CVS PHARMACY, INC.",615-621 BELMONT AVENUE,"SPRINGFIELD, MA 01108",http://maps.google.com/maps?q=CVS%20PHARMACY%20INC%2C615-621%20BELMONT%20AVENUE%2C+SPRINGFIELD%2C+MA+01108,
"CVS PHARMACY, INC.","626 SOUTHERN ARTERY, RTE 3A","QUINCY, MA 02169",http://maps.google.com/maps?q=CVS%20PHARMACY%20INC%2C626%20SOUTHERN%20ARTERY%2C%20RTE%203A%2C+QUINCY%2C+MA+02169,
"CVS PHARMACY, INC.",68 MAIN STREET,"ANDOVER, MA 01810",http://maps.google.com/maps?q=CVS%20PHARMACY%20INC%2C68%20MAIN%20STREET%2C+ANDOVER%2C+MA+01810,
"CVS PHARMACY, INC.",715 MORRISSEY BOULEVARD,"DORCHESTER, MA 02122",http://maps.google.com/maps?q=CVS%20PHARMACY%20INC%2C715%20MORRISSEY%20BOULEVARD%2C+DORCHESTER%2C+MA+02122,
"CVS PHARMACY, INC.",8 EAST WASHINGTON STREET,"NORTH ATTLEBORO, MA 02760",http://maps.google.com/maps?q=CVS%20PHARMACY%20INC%2C8%20EAST%20WASHINGTON%20STREET%2C+NORTH%20ATTLEBORO%2C+MA+02760,
"CVS PHARMACY, INC.",8 PILGRIM HILL ROAD,"PLYMOUTH, MA 02360",http://maps.google.com/maps?q=CVS%20PHARMACY%20INC%2C8%20PILGRIM%20HILL%20ROAD%2C+PLYMOUTH%2C+MA+02360,
"CVS PHARMACY, INC.",9 NELSON STREET,"LEOMINSTER, MA 01453",http://maps.google.com/maps?q=CVS%20PHARMACY%20INC%2C9%20NELSON%20STREET%2C+LEOMINSTER%2C+MA+01453,
D AND B PHARMACY CORP,222 OAKRIDGE CMNS,D B A PAUL'S PHARMACY,"SOUTH SALEM, NY 10590",http://maps.google.com/maps?q=D%20AND%20B%20PHARMACY%20CORP%2C222%20OAKRIDGE%20CMNS%2C+SOUTH%20SALEM%2C+NY+10590
DEDRICK'S PHARMACY INC,86 N FRONT ST,"KINGSTON, NY 12401",http://maps.google.com/maps?q=DEDRICKS%20PHARMACY%20INC%2C86%20N%20FRONT%20ST%2C+KINGSTON%2C+NY+12401,
DRUGDEX PHARMACY INC,1632 BRUCKNER BOULEVARD,"BRONX, NY 10473",http://maps.google.com/maps?q=DRUGDEX%20PHARMACY%20INC%2C1632%20BRUCKNER%20BOULEVARD%2C+BRONX%2C+NY+10473,
DUANE READE,1 UNION SQ SOUTH,"NEW YORK, NY 10003",http://maps.google.com/maps?q=DUANE%20READE%2C1%20UNION%20SQ%20SOUTH%2C+NEW%20YORK%2C+NY+10003,
DUANE READE,107-16 CONTINENTAL AVENUE,"FOREST HILLS, NY 11375",http://maps.google.com/maps?q=DUANE%20READE%2C107-16%20CONTINENTAL%20AVENUE%2C+FOREST%20HILLS%2C+NY+11375,
DUANE READE,1231 MADISON AVENUE,"NEW YORK, NY 10128",http://maps.google.com/maps?q=DUANE%20READE%2C1231%20MADISON%20AVENUE%2C+NEW%20YORK%2C+NY+10128,
DUANE READE,13602 ROOSEVELT AVENUE,"FLUSHING, NY 11354",http://maps.google.com/maps?q=DUANE%20READE%2C13602%20ROOSEVELT%20AVENUE%2C+FLUSHING%2C+NY+11354,
DUANE READE,1498 YORK AVENUE,"NEW YORK, NY 10075",http://maps.google.com/maps?q=DUANE%20READE%2C1498%20YORK%20AVENUE%2C+NEW%20YORK%2C+NY+10075,
DUANE READE,155 EAST 34TH STREET,"NEW YORK, NY 10016",http://maps.google.com/maps?q=DUANE%20READE%2C155%20EAST%2034TH%20STREET%2C+NEW%20YORK%2C+NY+10016,
DUANE READE,2522 BROADWAY,"NEW YORK, NY 10025",http://maps.google.com/maps?q=DUANE%20READE%2C2522%20BROADWAY%2C+NEW%20YORK%2C+NY+10025,
DUANE READE,2864 BROADWAY,"NEW YORK, NY 10025",http://maps.google.com/maps?q=DUANE%20READE%2C2864%20BROADWAY%2C+NEW%20YORK%2C+NY+10025,
DUANE READE,296 FLATBUSH AVE,"BROOKLYN, NY 11217",http://maps.google.com/maps?q=DUANE%20READE%2C296%20FLATBUSH%20AVE%2C+BROOKLYN%2C+NY+11217,
DUANE READE,51 WEST 51ST STREET,"NEW YORK, NY 10019",http://maps.google.com/maps?q=DUANE%20READE%2C51%20WEST%2051ST%20STREET%2C+NEW%20YORK%2C+NY+10019,
DUANE READE,661 8TH AVENUE,"NEW YORK, NY 10036",http://maps.google.com/maps?q=DUANE%20READE%2C661%208TH%20AVENUE%2C+NEW%20YORK%2C+NY+10036,
DUANE READE,71 WEST 23RD STREET,"NEW YORK, NY 10010",http://maps.google.com/maps?q=DUANE%20READE%2C71%20WEST%2023RD%20STREET%2C+NEW%20YORK%2C+NY+10010,
DUANE READE,73-01 37TH AVENUE,"JACKSON HEIGHTS, NY 11372",http://maps.google.com/maps?q=DUANE%20READE%2C73-01%2037TH%20AVENUE%2C+JACKSON%20HEIGHTS%2C+NY+11372,
DUANE READE,775 COLUMBUS AVENUE,"NEW YORK, NY 10025",http://maps.google.com/maps?q=DUANE%20READE%2C775%20COLUMBUS%20AVENUE%2C+NEW%20YORK%2C+NY+10025,
DUANE READE,949 THIRD AVENUE,"NEW YORK, NY 10022",http://maps.google.com/maps?q=DUANE%20READE%2C949%20THIRD%20AVENUE%2C+NEW%20YORK%2C+NY+10022,
DUTCHESS CHEMISTS INC,6032 ROUTE 82,"STANFORDVILLE, NY 12581",http://maps.google.com/maps?q=DUTCHESS%20CHEMISTS%20INC%2C6032%20ROUTE%2082%2C+STANFORDVILLE%2C+NY+12581,
EAST 16 STREET PHARMACY INC,1526 CORTELYOU RD,"BROOKLYN, NY 11226",http://maps.google.com/maps?q=EAST%20%20STREET%20PHARMACY%20INC%2C1526%20CORTELYOU%20RD%2C+BROOKLYN%2C+NY+11226,
"EAST MAIN STREET CHEMISTS, INC.",707 EAST MAIN STREET,"MIDDLETOWN, NY 10940",http://maps.google.com/maps?q=EAST%20MAIN%20STREET%20CHEMISTS%20INC%2C707%20EAST%20MAIN%20STREET%2C+MIDDLETOWN%2C+NY+10940,
EASTERN LONG ISLAND HOSPITAL,201 MANOR PLACE,C/O PHARMACY,"GREENPORT, NY 11944",http://maps.google.com/maps?q=EASTERN%20LONG%20ISLAND%20HOSPITAL%2C201%20MANOR%20PLACE%2C+GREENPORT%2C+NY+11944
ECHO PHARMACY,56 ECHO AVENUE,"MILLER PLACE, NY 11764",http://maps.google.com/maps?q=ECHO%20PHARMACY%2C56%20ECHO%20AVENUE%2C+MILLER%20PLACE%2C+NY+11764,
ELLENVILLE REGIONAL HOSPITAL,10 HEALTHY WAY,"ELLENVILLE, NY 12428",http://maps.google.com/maps?q=ELLENVILLE%20REGIONAL%20HOSPITAL%2C10%20HEALTHY%20WAY%2C+ELLENVILLE%2C+NY+12428,
ELLIOT PHARMACY AT RIVER'S EDGE,175 QUEEN CITY AVE SUITE 1,"MANCHESTER, NH 03101",http://maps.google.com/maps?q=ELLIOT%20PHARMACY%20AT%20RIVERS%20EDGE%2C175%20QUEEN%20CITY%20AVE%20SUITE%201%2C+MANCHESTER%2C+NH+03101,
EMERSON HOSPITAL,ATTN: PHARMACY DEPARTMENT,133 ORNAC,"CONCORD, MA 01742",http://maps.google.com/maps?q=EMERSON%20HOSPITAL%2CATTN%3A%20PHARMACY%20DEPARTMENT%2C+CONCORD%2C+MA+01742
ERX PHARMACEUTICAL LLC,159 RALPH AVE,"BROOKLYN, NY 11233",http://maps.google.com/maps?q=ERX%20PHARMACEUTICAL%20LLC%2C159%20RALPH%20AVE%2C+BROOKLYN%2C+NY+11233,
ESCO DRUG CO INC,687 9TH AVE,"NEW YORK, NY 10036",http://maps.google.com/maps?q=ESCO%20DRUG%20CO%20INC%2C687%209TH%20AVE%2C+NEW%20YORK%2C+NY+10036,
FAIRVIEW HILL REALTY CORP,4747 NESCONSET HWY,"PORT JEFFERSON STATION, NY 11776",http://maps.google.com/maps?q=FAIRVIEW%20HILL%20REALTY%20CORP%2C4747%20NESCONSET%20HWY%2C+PORT%20JEFFERSON%20STATION%2C+NY+11776,
FIRST COLONY CORP,PO BOX 10,82 NEWPORT RD,"NEW LONDON, NH 03257",http://maps.google.com/maps?q=FIRST%20COLONY%20CORP%2CPO%20BOX%2010%2C+NEW%20LONDON%2C+NH+03257
FISHKILL PHARMACY LLC,1004 MAIN ST.,BUILDING 554,"FISHKILL, NY 12524",http://maps.google.com/maps?q=FISHKILL%20PHARMACY%20LLC%2C1004%20MAIN%20ST.%2C+FISHKILL%2C+NY+12524
FLATBUSH RX CORP,1855 FLATBUSH AVE,"BROOKLYN, NY 11210",http://maps.google.com/maps?q=FLATBUSH%20RX%20CORP%2C1855%20FLATBUSH%20AVE%2C+BROOKLYN%2C+NY+11210,
FONTAK INC,2000 NORTH VILLAGE AVENUE,SUITE 107,"ROCKVILLE CENTRE, NY 11570",http://maps.google.com/maps?q=FONTAK%20INC%2C2000%20NORTH%20VILLAGE%20AVENUE%2C+ROCKVILLE%20CENTRE%2C+NY+11570
FORTEEN STAR ENTERPRISES INC,346 CENTRAL AVE,"ALBANY, NY 12206",http://maps.google.com/maps?q=FORTEEN%20STAR%20ENTERPRISES%20INC%2C346%20CENTRAL%20AVE%2C+ALBANY%2C+NY+12206,
FOUR CORNERS PHARMACY LLC,360 DELAWARE AVENUE,"DELMAR, NY 12054",http://maps.google.com/maps?q=FOUR%20CORNERS%20PHARMACY%20LLC%2C360%20DELAWARE%20AVENUE%2C+DELMAR%2C+NY+12054,
FRANCO PHARMACY CORP,77-01 37TH AVE,"JACKSON HEIGHTS, NY 11372",http://maps.google.com/maps?q=FRANCO%20PHARMACY%20CORP%2C77-01%2037TH%20AVE%2C+JACKSON%20HEIGHTS%2C+NY+11372,
FRANHILL PHARMACY LLC,20419 HILLSIDE AVE,"HOLLIS, NY 11423",http://maps.google.com/maps?q=FRANHILL%20PHARMACY%20LLC%2C20419%20HILLSIDE%20AVE%2C+HOLLIS%2C+NY+11423,
FRANKLIN SQUARE PHARMACY INC,925 HEMPSTEAD TURNPIKE,ATTN: SUPERVISING PHARMACIST,"FRANKLIN SQUARE, NY 11010",http://maps.google.com/maps?q=FRANKLIN%20SQUARE%20PHARMACY%20INC%2C925%20HEMPSTEAD%20TURNPIKE%2C+FRANKLIN%20SQUARE%2C+NY+11010
FREDERICK H LANGE INC,2205 NOTT ST,"SCHENECTADY, NY 12309",http://maps.google.com/maps?q=FREDERICK%20H%20LANGE%20INC%2C2205%20NOTT%20ST%2C+SCHENECTADY%2C+NY+12309,
FULL CARE PHARMACY INC,2913 SURF AVE,"BROOKLYN, NY 11224",http://maps.google.com/maps?q=FULL%20CARE%20PHARMACY%20INC%2C2913%20SURF%20AVE%2C+BROOKLYN%2C+NY+11224,
"G.S.P. LONGTERM CARE, INC",1567 CENTRAL PARK AVENUE,"YONKERS, NY 10710",http://maps.google.com/maps?q=GSP%20LONGTERM%20CARE%20INC%2C1567%20CENTRAL%20PARK%20AVENUE%2C+YONKERS%2C+NY+10710,
GEM DRUG CORPORATION,300 MORTON AVE,"ALBANY, NY 12209",http://maps.google.com/maps?q=GEM%20DRUG%20CORPORATION%2C300%20MORTON%20AVE%2C+ALBANY%2C+NY+12209,
GENERAL HOSP CORPORATION,55 FRUIT STREET,"BOSTON, MA 02114",http://maps.google.com/maps?q=GENERAL%20HOSP%20CORPORATION%2C55%20FRUIT%20STREET%2C+BOSTON%2C+MA+02114,
GENERAL HOSPITAL CORPORATION,OUTPATIENT PHARMACY,55 FRUIT STREET,"BOSTON, MA 02114",http://maps.google.com/maps?q=GENERAL%20HOSPITAL%20CORPORATION%2COUTPATIENT%20PHARMACY%2C+BOSTON%2C+MA+02114
GLEN COVE PHARM LLC,20 FOREST AVE,"GLEN COVE, NY 11542",http://maps.google.com/maps?q=GLEN%20COVE%20PHARM%20LLC%2C20%20FOREST%20AVE%2C+GLEN%20COVE%2C+NY+11542,
GRAMATAN PHARMACY CORP,120 GRAMATAN AVENUE,"MOUNT VERNON, NY 10550",http://maps.google.com/maps?q=GRAMATAN%20PHARMACY%20CORP%2C120%20GRAMATAN%20AVENUE%2C+MOUNT%20VERNON%2C+NY+10550,
GRASSY SPRAIN PHARMACY INC,640 TUCKAHOE ROAD,"YONKERS, NY 10710",http://maps.google.com/maps?q=GRASSY%20SPRAIN%20PHARMACY%20INC%2C640%20TUCKAHOE%20ROAD%2C+YONKERS%2C+NY+10710,
GREATER FALLS PHARMACY,78 ATKINSON ST,"BELLOWS FALLS, VT 05101",http://maps.google.com/maps?q=GREATER%20FALLS%20PHARMACY%2C78%20ATKINSON%20ST%2C+BELLOWS%20FALLS%2C+VT+05101,
HARPELL CHEMISTS INC,12-65 150TH STREET,"WHITESTONE, NY 11357",http://maps.google.com/maps?q=HARPELL%20CHEMISTS%20INC%2C12-65%20150TH%20STREET%2C+WHITESTONE%2C+NY+11357,
HARVARD UNIVERSITY HEALTH SERVICES,75 MT AUBURN ST,"CAMBRIDGE, MA 02138",http://maps.google.com/maps?q=HARVARD%20UNIVERSITY%20HEALTH%20SERVICES%2C75%20MT%20AUBURN%20ST%2C+CAMBRIDGE%2C+MA+02138,
HEALTHALLIANCE HOSPITAL,C/O PHARMACY,105 MARY'S AVE,"KINGSTON, NY 12401",http://maps.google.com/maps?q=HEALTHALLIANCE%20HOSPITAL%2CC/O%20PHARMACY%2C+KINGSTON%2C+NY+12401
HEALTHSMART,203 MAIN ST,"OSSINING, NY 10562",http://maps.google.com/maps?q=HEALTHSMART%2C203%20MAIN%20ST%2C+OSSINING%2C+NY+10562,
HOLYOKE HEALTH CENTER INC,505 FRONT ST,"CHICOPEE, MA 01013",http://maps.google.com/maps?q=HOLYOKE%20HEALTH%20CENTER%20INC%2C505%20FRONT%20ST%2C+CHICOPEE%2C+MA+01013,
"HOLYOKE HEALTH CENTER, INC.",230 MAPLE ST,PHARMACY DEPARTMENT,"HOLYOKE, MA 01040",http://maps.google.com/maps?q=HOLYOKE%20HEALTH%20CENTER%20INC%2C230%20MAPLE%20ST%2C+HOLYOKE%2C+MA+01040
HOTEL PHARMACY,20 ELLIOT ST,"BRATTLEBORO, VT 05301",http://maps.google.com/maps?q=HOTEL%20PHARMACY%2C20%20ELLIOT%20ST%2C+BRATTLEBORO%2C+VT+05301,
I & O PHARMACY CORP,669 MANHATTAN AVE,"BROOKLYN, NY 11222",http://maps.google.com/maps?q=I%20%20O%20PHARMACY%20CORP%2C669%20MANHATTAN%20AVE%2C+BROOKLYN%2C+NY+11222,
ISLA DRUG STORES INC,1994 THIRD AVE,"NEW YORK, NY 10029",http://maps.google.com/maps?q=ISLA%20DRUG%20STORES%20INC%2C1994%20THIRD%20AVE%2C+NEW%20YORK%2C+NY+10029,
J & D CHEMISTS INC,945 ROSEDALE RD,"VALLEY STREAM, NY 11581",http://maps.google.com/maps?q=J%20%20D%20CHEMISTS%20INC%2C945%20ROSEDALE%20RD%2C+VALLEY%20STREAM%2C+NY+11581,
J A K PHARMA INC,2343 ARTHUR AVENUE,"BRONX, NY 10458",http://maps.google.com/maps?q=J%20A%20K%20PHARMA%20INC%2C2343%20ARTHUR%20AVENUE%2C+BRONX%2C+NY+10458,
JACKSON HEIGHTS DRUGS INC.,BANGLADESH FARMACIA,73-21 37TH ROAD,"JACKSON HEIGHTS, NY 11372",http://maps.google.com/maps?q=JACKSON%20HEIGHTS%20DRUGS%20INC%2CBANGLADESH%20FARMACIA%2C+JACKSON%20HEIGHTS%2C+NY+11372
JAN PHARMA INC,311 ST. NICHOLAS AVENUE,"RIDGEWOOD, NY 11385",http://maps.google.com/maps?q=JAN%20PHARMA%20INC%2C311%20ST.%20NICHOLAS%20AVENUE%2C+RIDGEWOOD%2C+NY+11385,
JOJAN PHARMA INC,121 ST.NICHOLAS AVENUE,"BROOKLYN, NY 11237",http://maps.google.com/maps?q=JOJAN%20PHARMA%20INC%2C121%20ST.NICHOLAS%20AVENUE%2C+BROOKLYN%2C+NY+11237,
KCAID PHARMACY INC.,1771 BROADWAY,"BROOKLYN, NY 11207",http://maps.google.com/maps?q=KCAID%20PHARMACY%20INC%2C1771%20BROADWAY%2C+BROOKLYN%2C+NY+11207,
KELLY'S PHARMACY INC.,34 HOPE PLAZA,"WEST COXSACKIE, NY 12192",http://maps.google.com/maps?q=KELLYS%20PHARMACY%20INC%2C34%20HOPE%20PLAZA%2C+WEST%20COXSACKIE%2C+NY+12192,
KELLY'S PHARMACY INC.,4852 RT 81,PO BOX 422,"GREENVILLE, NY 12083",http://maps.google.com/maps?q=KELLYS%20PHARMACY%20INC%2C4852%20RT%2081%2C+GREENVILLE%2C+NY+12083
KING KULLEN PHARMACIES CORP,1235 MIDDLE COUNTRY RD,"MIDDLE ISLAND, NY 11953",http://maps.google.com/maps?q=KING%20KULLEN%20PHARMACIES%20CORP%2C1235%20MIDDLE%20COUNTRY%20RD%2C+MIDDLE%20ISLAND%2C+NY+11953,
KING KULLEN PHARMACIES CORP,315-25 MAIN ROAD,P.O. BOX 993,"CUTCHOGUE, NY 11935",http://maps.google.com/maps?q=KING%20KULLEN%20PHARMACIES%20CORP%2C315-25%20MAIN%20ROAD%2C+CUTCHOGUE%2C+NY+11935
KING KULLEN PHARMACIES CORP,3284 HEMPSTEAD TURNPIKE,"LEVITTOWN, NY 11756",http://maps.google.com/maps?q=KING%20KULLEN%20PHARMACIES%20CORP%2C3284%20HEMPSTEAD%20TURNPIKE%2C+LEVITTOWN%2C+NY+11756,
KING KULLEN PHARMACIES CORP,440 SUNRISE HIGHWAY,"NORTH PATCHOGUE, NY 11772",http://maps.google.com/maps?q=KING%20KULLEN%20PHARMACIES%20CORP%2C440%20SUNRISE%20HIGHWAY%2C+NORTH%20PATCHOGUE%2C+NY+11772,
KING KULLEN PHARMACIES CORP,50 N. NEW YORK AVE,"HUNTINGTON, NY 11743",http://maps.google.com/maps?q=KING%20KULLEN%20PHARMACIES%20CORP%2C50%20N.%20NEW%20YORK%20AVE%2C+HUNTINGTON%2C+NY+11743,
KING KULLEN PHARMACIES CORP,5507-200 NESCONSET HWY RTE 347,"MOUNT SINAI, NY 11766",http://maps.google.com/maps?q=KING%20KULLEN%20PHARMACIES%20CORP%2C5507-200%20NESCONSET%20HWY%20RTE%20347%2C+MOUNT%20SINAI%2C+NY+11766,
KING KULLEN PHARMACIES CORP,552 MONTAUK HIGHWAY,"CENTER MORICHES, NY 11934",http://maps.google.com/maps?q=KING%20KULLEN%20PHARMACIES%20CORP%2C552%20MONTAUK%20HIGHWAY%2C+CENTER%20MORICHES%2C+NY+11934,
KING KULLEN PHARMACIES CORP,C/O PHARMACY,271 JERICHO TURNPIKE,"SYOSSET, NY 11791",http://maps.google.com/maps?q=KING%20KULLEN%20PHARMACIES%20CORP%2CC/O%20PHARMACY%2C+SYOSSET%2C+NY+11791
KING KULLEN PHARMACIES CORP,KING KULLEN PHARMACY #33,460 COUNTY ROAD 111,"MANORVILLE, NY 11949",http://maps.google.com/maps?q=KING%20KULLEN%20PHARMACIES%20CORP%2CKING%20KULLEN%20PHARMACY%20#33%2C+MANORVILLE%2C+NY+11949
KING KULLEN PHARMACIES CORP,KING KULLEN PHARMACY #46,598 STEWART AVENUE,"BETHPAGE, NY 11714",http://maps.google.com/maps?q=KING%20KULLEN%20PHARMACIES%20CORP%2CKING%20KULLEN%20PHARMACY%20#46%2C+BETHPAGE%2C+NY+11714
KINGSBRIDGE PHARMACY CORP.,145 W. KINGSBRIDGE RD.,"BRONX, NY 10468",http://maps.google.com/maps?q=KINGSBRIDGE%20PHARMACY%20CORP%2C145%20W.%20KINGSBRIDGE%20RD.%2C+BRONX%2C+NY+10468,
KINGSTON HOSPITAL,ATTN: PHARMACY DEPARTMENT,396 BROADWAY,"KINGSTON, NY 12401",http://maps.google.com/maps?q=KINGSTON%20HOSPITAL%2CATTN%3A%20PHARMACY%20DEPARTMENT%2C+KINGSTON%2C+NY+12401
L & W CHEMISTS INC,25 SOUTHDOWN RD,"HUNTINGTON, NY 11743",http://maps.google.com/maps?q=L%20%20W%20CHEMISTS%20INC%2C25%20SOUTHDOWN%20RD%2C+HUNTINGTON%2C+NY+11743,
LAGRANGE PHARMACY INC.,1520 ROUTE 55 UNIT #16,"LAGRANGEVILLE, NY 12540",http://maps.google.com/maps?q=LAGRANGE%20PHARMACY%20INC%2C1520%20ROUTE%2055%20UNIT%20#16%2C+LAGRANGEVILLE%2C+NY+12540,
LAHEY CLINIC HOSPITAL INC,C/O PHARMACY DEPT,41 MALL RD,"BURLINGTON, MA 01805",http://maps.google.com/maps?q=LAHEY%20CLINIC%20HOSPITAL%20INC%2CC/O%20PHARMACY%20DEPT%2C+BURLINGTON%2C+MA+01805
LE-MAC PHARMACY INC,623 MC LEAN AVE,"YONKERS, NY 10705",http://maps.google.com/maps?q=LEMAC%20PHARMACY%20INC%2C623%20MC%20LEAN%20AVE%2C+YONKERS%2C+NY+10705,
LENOX TERRACE PHARMACY INC,DBA: LENOX TERRACE DRUG,20 WEST 135TH STREET,"NEW YORK, NY 10037",http://maps.google.com/maps?q=LENOX%20TERRACE%20PHARMACY%20INC%2CDBA%3A%20LENOX%20TERRACE%20DRUG%2C+NEW%20YORK%2C+NY+10037
LI SCRIPT LLC,333 CROSSWAYS PARK DRIVE,"WOODBURY, NY 11797",http://maps.google.com/maps?q=LI%20SCRIPT%20LLC%2C333%20CROSSWAYS%20PARK%20DRIVE%2C+WOODBURY%2C+NY+11797,
LIFE PHARMA II INC,471 LENOX AVENUE,"NEW YORK, NY 10037",http://maps.google.com/maps?q=LIFE%20PHARMA%20II%20INC%2C471%20LENOX%20AVENUE%2C+NEW%20YORK%2C+NY+10037,
LONG ISLAND JEWISH MEDICAL CENTER,900 FRANKLIN AVENUE,"VALLEY STREAM, NY 11580",http://maps.google.com/maps?q=LONG%20ISLAND%20JEWISH%20MEDICAL%20CENTER%2C900%20FRANKLIN%20AVENUE%2C+VALLEY%20STREAM%2C+NY+11580,
LUDLOW PHARMACY INC.,57 POND ST,"LUDLOW, VT 05149",http://maps.google.com/maps?q=LUDLOW%20PHARMACY%20INC%2C57%20POND%20ST%2C+LUDLOW%2C+VT+05149,
MARC'S VILLAGE PHARMACY INC,31 EAST MAIN STREET,"ELMSFORD, NY 10523",http://maps.google.com/maps?q=MARCS%20VILLAGE%20PHARMACY%20INC%2C31%20EAST%20MAIN%20STREET%2C+ELMSFORD%2C+NY+10523,
MARG PHARMACY,76 GRAHAM AVE.,"BROOKLYN, NY 11206",http://maps.google.com/maps?q=MARG%20PHARMACY%2C76%20GRAHAM%20AVE.%2C+BROOKLYN%2C+NY+11206,
MARRA'S PHARMACY,217 REMSEN STREET,PO BOX 229,"COHOES, NY 12047",http://maps.google.com/maps?q=MARRAS%20PHARMACY%2C217%20REMSEN%20STREET%2C+COHOES%2C+NY+12047
MARTHA'S VINEYARD HOSPITAL,1 HOSPITAL ROAD,P.O. BOX 1477,"OAK BLUFFS, MA 02557",http://maps.google.com/maps?q=MARTHAS%20VINEYARD%20HOSPITAL%2C1%20HOSPITAL%20ROAD%2C+OAK%20BLUFFS%2C+MA+02557
"MARTIN'S FOODS OF SOUTH BURLINGTON, LLC",1400 ALTAMONT AVE,"SCHENECTADY, NY 12303",http://maps.google.com/maps?q=MARTINS%20FOODS%20OF%20SOUTH%20BURLINGTON%20LLC%2C1400%20ALTAMONT%20AVE%2C+SCHENECTADY%2C+NY+12303,
"MARTIN'S FOODS OF SOUTH BURLINGTON, LLC",2967 ROUTE 9,"VALATIE, NY 12184",http://maps.google.com/maps?q=MARTINS%20FOODS%20OF%20SOUTH%20BURLINGTON%20LLC%2C2967%20ROUTE%209%2C+VALATIE%2C+NY+12184,
MASS EYE & EAR INFIRMARY,243 CHARLES ST,"BOSTON, MA 02114",http://maps.google.com/maps?q=MASS%20EYE%20%20EAR%20INFIRMARY%2C243%20CHARLES%20ST%2C+BOSTON%2C+MA+02114,
MASS GENERAL / NORTH SHORE CENTER FOR OUT-PATIENT,102 ENDICOTT STREET,"DANVERS, MA 01923",http://maps.google.com/maps?q=MASS%20GENERAL%20%20NORTH%20SHORE%20CENTER%20FOR%20OUTPATIENT%2C102%20ENDICOTT%20STREET%2C+DANVERS%2C+MA+01923,
MC LEAN HOSPITAL,PHARMACY DIRECTOR,115 MILL STREET,"BELMONT, MA 02478",http://maps.google.com/maps?q=MC%20LEAN%20HOSPITAL%2CPHARMACY%20DIRECTOR%2C+BELMONT%2C+MA+02478
"MEACHAM PHARMACY,  INC",107 MEACHAM AVENUE,"ELMONT, NY 11003",http://maps.google.com/maps?q=MEACHAM%20PHARMACY%20%20INC%2C107%20MEACHAM%20AVENUE%2C+ELMONT%2C+NY+11003,
MERU PHARMACY INC,2 PARK AVENUE,"YONKERS, NY 10703",http://maps.google.com/maps?q=MERU%20PHARMACY%20INC%2C2%20PARK%20AVENUE%2C+YONKERS%2C+NY+10703,
MILLBROOK PHARMMACY LLC.,3272 FRANKLIN AVE.,"MILLBROOK, NY 12545",http://maps.google.com/maps?q=MILLBROOK%20PHARMMACY%20LLC%2C3272%20FRANKLIN%20AVE.%2C+MILLBROOK%2C+NY+12545,
MRR PHARMA INC,6220-6222 11TH AVENUE,"BROOKLYN, NY 11219",http://maps.google.com/maps?q=MRR%20PHARMA%20INC%2C6220-6222%2011TH%20AVENUE%2C+BROOKLYN%2C+NY+11219,
MT CARMEL PHARMACY,705 EAST 187TH STREET,"BRONX, NY 10458",http://maps.google.com/maps?q=MT%20CARMEL%20PHARMACY%2C705%20EAST%20187TH%20STREET%2C+BRONX%2C+NY+10458,
MY HOPE PHARMACY LLC,141-14 NORTHERN BLVD.,"FLUSHING, NY 11354",http://maps.google.com/maps?q=MY%20HOPE%20PHARMACY%20LLC%2C141-14%20NORTHERN%20BLVD.%2C+FLUSHING%2C+NY+11354,
NASHUA HOSPITAL ASSOC,8 PROSPECT ST,BOX 2014,"NASHUA, NH 03061",http://maps.google.com/maps?q=NASHUA%20HOSPITAL%20ASSOC%2C8%20PROSPECT%20ST%2C+NASHUA%2C+NH+03061
NASSAU PHARMACY INC,3541 US ROUTE 20,"NASSAU, NY 12123",http://maps.google.com/maps?q=NASSAU%20PHARMACY%20INC%2C3541%20US%20ROUTE%2020%2C+NASSAU%2C+NY+12123,
NEW ISLAND PHARMACY INC,1912 A DEER PARK AVE,"DEER PARK, NY 11729",http://maps.google.com/maps?q=NEW%20ISLAND%20PHARMACY%20INC%2C1912%20A%20DEER%20PARK%20AVE%2C+DEER%20PARK%2C+NY+11729,
"NEW JERSEY CVS PHARMACY, L.L.C.",9015 BERGENLINE AVENUE - 90TH STREET,"NORTH BERGEN, NJ 07047",http://maps.google.com/maps?q=NEW%20JERSEY%20CVS%20PHARMACY%20LLC%2C9015%20BERGENLINE%20AVENUE%20-%2090TH%20STREET%2C+NORTH%20BERGEN%2C+NJ+07047,
NEW PALTZ PHARMACY INC,DEDRICK'S PHARMACY OF NEW PALT,190 MAIN ST,"NEW PALTZ, NY 12561",http://maps.google.com/maps?q=NEW%20PALTZ%20PHARMACY%20INC%2CDEDRICK'S%20PHARMACY%20OF%20NEW%20PALT%2C+NEW%20PALTZ%2C+NY+12561
NEW ROCHELLE PRESCRIPTION CTR INC,551 MAIN ST.,"NEW ROCHELLE, NY 10801",http://maps.google.com/maps?q=NEW%20ROCHELLE%20PRESCRIPTION%20CTR%20INC%2C551%20MAIN%20ST.%2C+NEW%20ROCHELLE%2C+NY+10801,
NEWTON-WELLESLEY HOSPITAL,ATTN PHARMACY,2014 WASHINGTON ST,"NEWTON LOWER FALLS, MA 02462",http://maps.google.com/maps?q=NEWTONWELLESLEY%20HOSPITAL%2CATTN%20PHARMACY%2C+NEWTON%20LOWER%20FALLS%2C+MA+02462
"NIKLAS-MOORE, INC.","5700 ROUTE 100, UNIT C-10","LONDONDERRY, VT 05148",http://maps.google.com/maps?q=NIKLASMOORE%20INC%2C5700%20ROUTE%20100%2C%20UNIT%20C-10%2C+LONDONDERRY%2C+VT+05148,
NORTH COUNTRY DRUGS INC,227-229 EAST MAIN STREET,"HUNTINGTON, NY 11743",http://maps.google.com/maps?q=NORTH%20COUNTRY%20DRUGS%20INC%2C227-229%20EAST%20MAIN%20STREET%2C+HUNTINGTON%2C+NY+11743,
NORTHERN WESTCHESTER HOSPITAL,400 E MAIN ST,"MOUNT KISCO, NY 10549",http://maps.google.com/maps?q=NORTHERN%20WESTCHESTER%20HOSPITAL%2C400%20E%20MAIN%20ST%2C+MOUNT%20KISCO%2C+NY+10549,
NPL DRUGS INC,6602 AVE U,"BROOKLYN, NY 11234",http://maps.google.com/maps?q=NPL%20DRUGS%20INC%2C6602%20AVE%20U%2C+BROOKLYN%2C+NY+11234,
NY DRUGS INC,CASTLE HILL COMMUNITY PHARMACY,706 CASTLE HILL AVENUE,"BRONX, NY 10473",http://maps.google.com/maps?q=NY%20DRUGS%20INC%2CCASTLE%20HILL%20COMMUNITY%20PHARMACY%2C+BRONX%2C+NY+10473
NY FIRST AVE CORPORATION,206 FIRST AVE,"NEW YORK, NY 10009",http://maps.google.com/maps?q=NY%20FIRST%20AVE%20CORPORATION%2C206%20FIRST%20AVE%2C+NEW%20YORK%2C+NY+10009,
NY SOC FOR THE RELIEF OF RUPTURED AND CRIPPLED,"535 E 70TH STREET, 6TH FLOOR",ATTN PHARMACY,"NEW YORK, NY 10021",http://maps.google.com/maps?q=NY%20SOC%20FOR%20THE%20RELIEF%20OF%20RUPTURED%20AND%20CRIPPLED%2C535%20E%2070TH%20STREET%2C%206TH%20FLOOR%2C+NEW%20YORK%2C+NY+10021
OCEAN A & R PHARMACY INC.,2806 OCEAN AVENUE,"BROOKLYN, NY 11229",http://maps.google.com/maps?q=OCEAN%20A%20%20R%20PHARMACY%20INC%2C2806%20OCEAN%20AVENUE%2C+BROOKLYN%2C+NY+11229,
"PAAK PHARMACY, INC",689 MEDFORD AVE,"PATCHOGUE, NY 11772",http://maps.google.com/maps?q=PAAK%20PHARMACY%20INC%2C689%20MEDFORD%20AVE%2C+PATCHOGUE%2C+NY+11772,
PHARMACEUTICALLY ELEGANT INC,590 MAIN ST,"LYNNFIELD, MA 01940",http://maps.google.com/maps?q=PHARMACEUTICALLY%20ELEGANT%20INC%2C590%20MAIN%20ST%2C+LYNNFIELD%2C+MA+01940,
PHELPS MEMORIAL HOSPITAL ASSOCIATION,701 NORTH BROADWAY,"SLEEPY HOLLOW, NY 10591",http://maps.google.com/maps?q=PHELPS%20MEMORIAL%20HOSPITAL%20ASSOCIATION%2C701%20NORTH%20BROADWAY%2C+SLEEPY%20HOLLOW%2C+NY+10591,
PLAINVIEW FAMILY PHARMACY,142A MANETTO HILL RD,"PLAINVIEW, NY 11803",http://maps.google.com/maps?q=PLAINVIEW%20FAMILY%20PHARMACY%2C142A%20MANETTO%20HILL%20RD%2C+PLAINVIEW%2C+NY+11803,
"PROGRESSION, LLC",79 TINKER STREET,"WOODSTOCK, NY 12498",http://maps.google.com/maps?q=PROGRESSION%20LLC%2C79%20TINKER%20STREET%2C+WOODSTOCK%2C+NY+12498,
PROHEALTH PHARMACY INC,385 A/B  SECOND AVE,"NEW YORK, NY 10010",http://maps.google.com/maps?q=PROHEALTH%20PHARMACY%20INC%2C385%20A/B%20%20SECOND%20AVE%2C+NEW%20YORK%2C+NY+10010,
QRX INC,224 POST RD,UNIT 7,"WESTERLY, RI 02891",http://maps.google.com/maps?q=QRX%20INC%2C224%20POST%20RD%2C+WESTERLY%2C+RI+02891
R&P APOTHECARY,D/B/A EVERGREEN DRUGS,87-08 JUSTICE AVENUE,"ELMHURST, NY 11373",http://maps.google.com/maps?q=RP%20APOTHECARY%2CD/B/A%20EVERGREEN%20DRUGS%2C+ELMHURST%2C+NY+11373
RESOLUTION RX INC.,11 EAST MAIN STREET,"PAWLING, NY 12564",http://maps.google.com/maps?q=RESOLUTION%20RX%20INC%2C11%20EAST%20MAIN%20STREET%2C+PAWLING%2C+NY+12564,
REVERE HEALTHCARE CENTER,CLINIC PHARMACY,300 OCEAN AVENUE,"REVERE, MA 02151",http://maps.google.com/maps?q=REVERE%20HEALTHCARE%20CENTER%2CCLINIC%20PHARMACY%2C+REVERE%2C+MA+02151
"RHODE ISLAND CVS PHARMACY, L.L.C.",11 MAIN ST.,"WAKEFIELD, RI 02879",http://maps.google.com/maps?q=RHODE%20ISLAND%20CVS%20PHARMACY%20LLC%2C11%20MAIN%20ST.%2C+WAKEFIELD%2C+RI+02879,
"RHODE ISLAND CVS PHARMACY, L.L.C.",120 EDDIE DOWLING HWY.,"NORTH SMITHFIELD, RI 02896",http://maps.google.com/maps?q=RHODE%20ISLAND%20CVS%20PHARMACY%20LLC%2C120%20EDDIE%20DOWLING%20HWY.%2C+NORTH%20SMITHFIELD%2C+RI+02896,
"RHODE ISLAND CVS PHARMACY, L.L.C.",1400 HARTFORD AVENUE,"JOHNSTON, RI 02919",http://maps.google.com/maps?q=RHODE%20ISLAND%20CVS%20PHARMACY%20LLC%2C1400%20HARTFORD%20AVENUE%2C+JOHNSTON%2C+RI+02919,
"RHODE ISLAND CVS PHARMACY, L.L.C.",150 GRANITE STREET,"WESTERLY, RI 02891",http://maps.google.com/maps?q=RHODE%20ISLAND%20CVS%20PHARMACY%20LLC%2C150%20GRANITE%20STREET%2C+WESTERLY%2C+RI+02891,
"RHODE ISLAND CVS PHARMACY, L.L.C.",1919 MINERAL SPRING AVENUE,"NORTH PROVIDENCE, RI 02904",http://maps.google.com/maps?q=RHODE%20ISLAND%20CVS%20PHARMACY%20LLC%2C1919%20MINERAL%20SPRING%20AVENUE%2C+NORTH%20PROVIDENCE%2C+RI+02904,
"RHODE ISLAND CVS PHARMACY, L.L.C.",2400 WARWICK AVE,MEADOWBROOK PLAZA,"WARWICK, RI 02889",http://maps.google.com/maps?q=RHODE%20ISLAND%20CVS%20PHARMACY%20LLC%2C2400%20WARWICK%20AVE%2C+WARWICK%2C+RI+02889
"RHODE ISLAND CVS PHARMACY, L.L.C.",287 BROADWAY,"NEWPORT, RI 02840",http://maps.google.com/maps?q=RHODE%20ISLAND%20CVS%20PHARMACY%20LLC%2C287%20BROADWAY%2C+NEWPORT%2C+RI+02840,
"RHODE ISLAND CVS PHARMACY, L.L.C.",3986 OLD POST RD.,"CHARLESTOWN, RI 02813",http://maps.google.com/maps?q=RHODE%20ISLAND%20CVS%20PHARMACY%20LLC%2C3986%20OLD%20POST%20RD.%2C+CHARLESTOWN%2C+RI+02813,
"RHODE ISLAND CVS PHARMACY, L.L.C.",640 WARREN AVENUE,"EAST PROVIDENCE, RI 02914",http://maps.google.com/maps?q=RHODE%20ISLAND%20CVS%20PHARMACY%20LLC%2C640%20WARREN%20AVENUE%2C+EAST%20PROVIDENCE%2C+RI+02914,
"RHODE ISLAND CVS PHARMACY, L.L.C.",681 RESERVOIR AVENUE,"CRANSTON, RI 02910",http://maps.google.com/maps?q=RHODE%20ISLAND%20CVS%20PHARMACY%20LLC%2C681%20RESERVOIR%20AVENUE%2C+CRANSTON%2C+RI+02910,
"RHODE ISLAND CVS PHARMACY, L.L.C.",763 TIOGUE AVENUE,"COVENTRY, RI 02816",http://maps.google.com/maps?q=RHODE%20ISLAND%20CVS%20PHARMACY%20LLC%2C763%20TIOGUE%20AVENUE%2C+COVENTRY%2C+RI+02816,
"RHODE ISLAND CVS PHARMACY, L.L.C.",767 WARWICK AVENUE,"WARWICK, RI 02888",http://maps.google.com/maps?q=RHODE%20ISLAND%20CVS%20PHARMACY%20LLC%2C767%20WARWICK%20AVENUE%2C+WARWICK%2C+RI+02888,
"RHODE ISLAND CVS PHARMACY, L.L.C.",835 NEWPORT AVE.,"PAWTUCKET, RI 02861",http://maps.google.com/maps?q=RHODE%20ISLAND%20CVS%20PHARMACY%20LLC%2C835%20NEWPORT%20AVE.%2C+PAWTUCKET%2C+RI+02861,
"RHODE ISLAND CVS PHARMACY, L.L.C.",935 MANTON AVENUE,"PROVIDENCE, RI 02909",http://maps.google.com/maps?q=RHODE%20ISLAND%20CVS%20PHARMACY%20LLC%2C935%20MANTON%20AVENUE%2C+PROVIDENCE%2C+RI+02909,
"RHODE ISLAND CVS PHARMACY, L.L.C.",99 EAST MAIN ROAD,"MIDDLETOWN, RI 02842",http://maps.google.com/maps?q=RHODE%20ISLAND%20CVS%20PHARMACY%20LLC%2C99%20EAST%20MAIN%20ROAD%2C+MIDDLETOWN%2C+RI+02842,
RIVERDALE HEALTHY LIFE INC.,D/B/A TRI-ROAD PHARMACY,791 WESTCHESTER AVENUE,"BRONX, NY 10455",http://maps.google.com/maps?q=RIVERDALE%20HEALTHY%20LIFE%20INC%2CD/B/A%20TRI-ROAD%20PHARMACY%2C+BRONX%2C+NY+10455
RND PHARMACY INC,52 WEST BURNSIDE AVE,"BRONX, NY 10453",http://maps.google.com/maps?q=RND%20PHARMACY%20INC%2C52%20WEST%20BURNSIDE%20AVE%2C+BRONX%2C+NY+10453,
S & M PHARMACY INC,68-50 MAIN STREET,"FLUSHING, NY 11367",http://maps.google.com/maps?q=S%20%20M%20PHARMACY%20INC%2C68-50%20MAIN%20STREET%2C+FLUSHING%2C+NY+11367,
SAAR PHARMACY INC.,602 WELLWOOD AVENUE,"LINDENHURST, NY 11757",http://maps.google.com/maps?q=SAAR%20PHARMACY%20INC%2C602%20WELLWOOD%20AVENUE%2C+LINDENHURST%2C+NY+11757,
SAINT JOSEPH'S HOSPITAL,ATTN PHARMACY,172 KINSLEY ST,"NASHUA, NH 03060",http://maps.google.com/maps?q=SAINT%20JOSEPHS%20HOSPITAL%2CATTN%20PHARMACY%2C+NASHUA%2C+NH+03060
SALUMED PHARMACY INC.,753 COMMACK RD,"BRENTWOOD, NY 11717",http://maps.google.com/maps?q=SALUMED%20PHARMACY%20INC%2C753%20COMMACK%20RD%2C+BRENTWOOD%2C+NY+11717,
SARATOGA HOSPITAL THE,211 CHURCH STREET,"SARATOGA SPRINGS, NY 12866",http://maps.google.com/maps?q=SARATOGA%20HOSPITAL%20THE%2C211%20CHURCH%20STREET%2C+SARATOGA%20SPRINGS%2C+NY+12866,
SARVIN DRUGS INC,1155 DEER PARK AVE,"NORTH BABYLON, NY 11703",http://maps.google.com/maps?q=SARVIN%20DRUGS%20INC%2C1155%20DEER%20PARK%20AVE%2C+NORTH%20BABYLON%2C+NY+11703,
SAUGERTIES PHARMACY LLC,250 MAIN ST,"SAUGERTIES, NY 12477",http://maps.google.com/maps?q=SAUGERTIES%20PHARMACY%20LLC%2C250%20MAIN%20ST%2C+SAUGERTIES%2C+NY+12477,
SAVALL DRUG INC,393 NO MERRICK AVE,"MERRICK, NY 11566",http://maps.google.com/maps?q=SAVALL%20DRUG%20INC%2C393%20NO%20MERRICK%20AVE%2C+MERRICK%2C+NY+11566,
SEA. J PHARMACY CORP,765-767 MORRIS PARK AVE,"BRONX, NY 10462",http://maps.google.com/maps?q=SEA%20J%20PHARMACY%20CORP%2C765-767%20MORRIS%20PARK%20AVE%2C+BRONX%2C+NY+10462,
SHALOM'S PHARMACY INC,1106 AVENUE K 1ST FLOOR,"BROOKLYN, NY 11230",http://maps.google.com/maps?q=SHALOMS%20PHARMACY%20INC%2C1106%20AVENUE%20K%201ST%20FLOOR%2C+BROOKLYN%2C+NY+11230,
SIDDIQUI CORPORATION,1109 CONEY ISLAND AVE,"BROOKLYN, NY 11230",http://maps.google.com/maps?q=SIDDIQUI%20CORPORATION%2C1109%20CONEY%20ISLAND%20AVE%2C+BROOKLYN%2C+NY+11230,
SOUTH SHORE HOSPITAL,KRISTOPHER YOUNG PHARMD,55 FOGG ROAD,"SOUTH WEYMOUTH, MA 02190",http://maps.google.com/maps?q=SOUTH%20SHORE%20HOSPITAL%2CKRISTOPHER%20YOUNG%20PHARMD%2C+SOUTH%20WEYMOUTH%2C+MA+02190
SOUTHRIFTY DRUG INC,54 JAGGER LANE,"SOUTHAMPTON, NY 11968",http://maps.google.com/maps?q=SOUTHRIFTY%20DRUG%20INC%2C54%20JAGGER%20LANE%2C+SOUTHAMPTON%2C+NY+11968,
SOUTHSIDE HOSPITAL,PHARMACY DEPARTMENT,301 EAST MAIN STREET,"BAYSHORE, NY 11706",http://maps.google.com/maps?q=SOUTHSIDE%20HOSPITAL%2CPHARMACY%20DEPARTMENT%2C+BAYSHORE%2C+NY+11706
SOUTHWESTERN VERMONT MEDICAL CENTER,100 HOSPITAL DRIVE,"BENNINGTON, VT 05201",http://maps.google.com/maps?q=SOUTHWESTERN%20VERMONT%20MEDICAL%20CENTER%2C100%20HOSPITAL%20DRIVE%2C+BENNINGTON%2C+VT+05201,
SPRINGFIELD PHARMACY INC,262 RIVER STREET,"SPRINGFIELD, VT 05156",http://maps.google.com/maps?q=SPRINGFIELD%20PHARMACY%20INC%2C262%20RIVER%20STREET%2C+SPRINGFIELD%2C+VT+05156,
SSV PHARMACY CORP,178 E MONTAUK HWY,"LINDENHURST, NY 11757",http://maps.google.com/maps?q=SSV%20PHARMACY%20CORP%2C178%20E%20MONTAUK%20HWY%2C+LINDENHURST%2C+NY+11757,
"STAT RX PHARMACY, INC.",235 EAST 167TH STREET,"BRONX, NY 10456",http://maps.google.com/maps?q=STAT%20RX%20PHARMACY%20INC%2C235%20EAST%20167TH%20STREET%2C+BRONX%2C+NY+10456,
STERLING PHARMACY INC,38-01 BELL BLVD,"BAYSIDE, NY 11361",http://maps.google.com/maps?q=STERLING%20PHARMACY%20INC%2C38-01%20BELL%20BLVD%2C+BAYSIDE%2C+NY+11361,
STONE'S PHARMACY INC,BRIDGE & MAIN STREETS,"LAKE LUZERNE, NY 12846",http://maps.google.com/maps?q=STONES%20PHARMACY%20INC%2CBRIDGE%20&%20MAIN%20STREETS%2C+LAKE%20LUZERNE%2C+NY+12846,
SULLIVAN'S PHARMACY INC,1 CORINTH ST,"ROSLINDALE, MA 02131",http://maps.google.com/maps?q=SULLIVANS%20PHARMACY%20INC%2C1%20CORINTH%20ST%2C+ROSLINDALE%2C+MA+02131,
SVA PHARMACY CORP,119-01 JAMAICA AVE,"RICHMOND HILL, NY 11418",http://maps.google.com/maps?q=SVA%20PHARMACY%20CORP%2C119-01%20JAMAICA%20AVE%2C+RICHMOND%20HILL%2C+NY+11418,
SYMART DRUG CO INC,162 CROTON AVE,"OSSINING, NY 10562",http://maps.google.com/maps?q=SYMART%20DRUG%20CO%20INC%2C162%20CROTON%20AVE%2C+OSSINING%2C+NY+10562,
T C FLYNN PHARMACY,173 ELM ST,"PITTSFIELD, MA 01201",http://maps.google.com/maps?q=T%20C%20FLYNN%20PHARMACY%2C173%20ELM%20ST%2C+PITTSFIELD%2C+MA+01201,
"TACONIC PHARMACY, INC",3659 LEE ROAD,"JEFFERSON VALLEY, NY 10535",http://maps.google.com/maps?q=TACONIC%20PHARMACY%20INC%2C3659%20LEE%20ROAD%2C+JEFFERSON%20VALLEY%2C+NY+10535,
"TAP RX, LLC",111 EXECUTIVE BLVD,"FARMINGDALE, NY 11735",http://maps.google.com/maps?q=TAP%20RX%20LLC%2C111%20EXECUTIVE%20BLVD%2C+FARMINGDALE%2C+NY+11735,
THE ARBOUR HOSPITAL,49 ROBINWOOD AVE,"JAMAICA PLAIN, MA 02130",http://maps.google.com/maps?q=THE%20ARBOUR%20HOSPITAL%2C49%20ROBINWOOD%20AVE%2C+JAMAICA%20PLAIN%2C+MA+02130,
THE LONG ISLAND HOME,C/O PHARMACY,400 SUNRISE HIGHWAY,"AMITYVILLE, NY 11701",http://maps.google.com/maps?q=THE%20LONG%20ISLAND%20HOME%2CC/O%20PHARMACY%2C+AMITYVILLE%2C+NY+11701
"THE PHARMACY - NORTHSHIRE, LLC",34 WAYS LANE,"MANCHESTER CENTER, VT 05255",http://maps.google.com/maps?q=THE%20PHARMACY%20%20NORTHSHIRE%20LLC%2C34%20WAYS%20LANE%2C+MANCHESTER%20CENTER%2C+VT+05255,
THREE J'S PHARMACY INC,90-12 ELMHURST AVE,"JACKSON HEIGHTS, NY 11372",http://maps.google.com/maps?q=THREE%20JS%20PHARMACY%20INC%2C90-12%20ELMHURST%20AVE%2C+JACKSON%20HEIGHTS%2C+NY+11372,
"TOTAL CARE RX, INC.",57-37 MAIN STREET,"FLUSHING, NY 11355",http://maps.google.com/maps?q=TOTAL%20CARE%20RX%20INC%2C57-37%20MAIN%20STREET%2C+FLUSHING%2C+NY+11355,
TOWN CENTER PHARMACY,575 MAIN STREET,"ARMONK, NY 10504",http://maps.google.com/maps?q=TOWN%20CENTER%20PHARMACY%2C575%20MAIN%20STREET%2C+ARMONK%2C+NY+10504,
TOWNE CENTRE PHARMACY,2540 ROUTE 55,P.O. BOX 335,"POUGHQUAG, NY 12570",http://maps.google.com/maps?q=TOWNE%20CENTRE%20PHARMACY%2C2540%20ROUTE%2055%2C+POUGHQUAG%2C+NY+12570
"TRANSCRIPT PHARMACY OF NEW YORK, INC.",87 HEMPSTEAD TURNPIKE,"FARMINGDALE, NY 11735",http://maps.google.com/maps?q=TRANSCRIPT%20PHARMACY%20OF%20NEW%20YORK%20INC%2C87%20HEMPSTEAD%20TURNPIKE%2C+FARMINGDALE%2C+NY+11735,
TROTTA'S WEST STREET PHAR INC,15 HALSTEAD AVE,"HARRISON, NY 10528",http://maps.google.com/maps?q=TROTTAS%20WEST%20STREET%20PHAR%20INC%2C15%20HALSTEAD%20AVE%2C+HARRISON%2C+NY+10528,
UMASS MEMORIAL MED CENTER INC,ATTN ROLAND BERCUME,55 LAKE AVE NORTH,"WORCESTER, MA 01655",http://maps.google.com/maps?q=UMASS%20MEMORIAL%20MED%20CENTER%20INC%2CATTN%20ROLAND%20BERCUME%2C+WORCESTER%2C+MA+01655
US ARMY MALOGNE CADET HEALTH CLINIC,CADET HEALTH CLINIC,2 THAYER ROAD BLDG. 606,"WEST POINT, NY 10996",http://maps.google.com/maps?q=US%20ARMY%20MALOGNE%20CADET%20HEALTH%20CLINIC%2CCADET%20HEALTH%20CLINIC%2C+WEST%20POINT%2C+NY+10996
US ARMY- KELLER COMMUNITY HOSPITAL,900 WASHINGTON RD,"WEST POINT, NY 10996",http://maps.google.com/maps?q=US%20ARMY%20KELLER%20COMMUNITY%20HOSPITAL%2C900%20WASHINGTON%20RD%2C+WEST%20POINT%2C+NY+10996,
USAF-66TH MEDICAL SQUADRON/SGSM,90 VANDENBERG DRIVE BLDG 1900,"HANSCOM AFB, MA 01731",http://maps.google.com/maps?q=USAFTH%20MEDICAL%20SQUADRONSGSM%2C90%20VANDENBERG%20DRIVE%20BLDG%201900%2C+HANSCOM%20AFB%2C+MA+01731,
USMAN INC,3001 CLARENDON RD,"BROOKLYN, NY 11226",http://maps.google.com/maps?q=USMAN%20INC%2C3001%20CLARENDON%20RD%2C+BROOKLYN%2C+NY+11226,
USN NAVAL SUBMARINE BASE MEDICAL,1 WAHOO AVE,SUBASE NLON BUILDING 449,"GROTON, CT 06349",http://maps.google.com/maps?q=USN%20NAVAL%20SUBMARINE%20BASE%20MEDICAL%2C1%20WAHOO%20AVE%2C+GROTON%2C+CT+06349
USN- NAVAL BRANCH HEALTH CLINIC SARATOGA SPRINGS,1 WEST AVE STE 230,"SARATOGA SPRINGS, NY 12866",http://maps.google.com/maps?q=USN%20NAVAL%20BRANCH%20HEALTH%20CLINIC%20SARATOGA%20SPRINGS%2C1%20WEST%20AVE%20STE%20230%2C+SARATOGA%20SPRINGS%2C+NY+12866,
USN- NAVAL HEALTH CLINIC NEW ENGLAND,BLDG 23,43 SMITH ROAD,"NEWPORT, RI 02841",http://maps.google.com/maps?q=USN%20NAVAL%20HEALTH%20CLINIC%20NEW%20ENGLAND%2CBLDG%2023%2C+NEWPORT%2C+RI+02841
"VERMONT CVS PHARMACY, L.L.C.",8 KOCHER DR.,"BENNINGTON, VT 05201",http://maps.google.com/maps?q=VERMONT%20CVS%20PHARMACY%20LLC%2C8%20KOCHER%20DR.%2C+BENNINGTON%2C+VT+05201,
VIJAN PHARMA INC,312 RALPH AVE,"BROOKLYN, NY 11233",http://maps.google.com/maps?q=VIJAN%20PHARMA%20INC%2C312%20RALPH%20AVE%2C+BROOKLYN%2C+NY+11233,
WALGREEN EASTERN CO INC,1230 NEPPERHAN AVE,"YONKERS, NY 10703",http://maps.google.com/maps?q=WALGREEN%20EASTERN%20CO%20INC%2C1230%20NEPPERHAN%20AVE%2C+YONKERS%2C+NY+10703,
"WALGREEN EASTERN CO., INC.",1 KELLY SQUARE,"EAST BOSTON, MA 02128",http://maps.google.com/maps?q=WALGREEN%20EASTERN%20CO%20INC%2C1%20KELLY%20SQUARE%2C+EAST%20BOSTON%2C+MA+02128,
"WALGREEN EASTERN CO., INC.",100 BROAD ST,"PAWTUCKET, RI 02860",http://maps.google.com/maps?q=WALGREEN%20EASTERN%20CO%20INC%2C100%20BROAD%20ST%2C+PAWTUCKET%2C+RI+02860,
"WALGREEN EASTERN CO., INC.",104 S MAIN STREET,"ROCHESTER, NH 03867",http://maps.google.com/maps?q=WALGREEN%20EASTERN%20CO%20INC%2C104%20S%20MAIN%20STREET%2C+ROCHESTER%2C+NH+03867,
"WALGREEN EASTERN CO., INC.",104-25-31 QUEENS BLV,"FOREST HILLS, NY 11375",http://maps.google.com/maps?q=WALGREEN%20EASTERN%20CO%20INC%2C104-25-31%20QUEENS%20BLV%2C+FOREST%20HILLS%2C+NY+11375,
"WALGREEN EASTERN CO., INC.",109-62 FRANCIS LEWIS BLVD,"QUEENS VILLAGE, NY 11429",http://maps.google.com/maps?q=WALGREEN%20EASTERN%20CO%20INC%2C109-62%20FRANCIS%20LEWIS%20BLVD%2C+QUEENS%20VILLAGE%2C+NY+11429,
"WALGREEN EASTERN CO., INC.",1103 KEMPTON STREET,"NEW BEDFORD, MA 02740",http://maps.google.com/maps?q=WALGREEN%20EASTERN%20CO%20INC%2C1103%20KEMPTON%20STREET%2C+NEW%20BEDFORD%2C+MA+02740,
"WALGREEN EASTERN CO., INC.",114 BEVERLEY RD.,"BROOKLYN, NY 11218",http://maps.google.com/maps?q=WALGREEN%20EASTERN%20CO%20INC%2C114%20BEVERLEY%20RD.%2C+BROOKLYN%2C+NY+11218,
"WALGREEN EASTERN CO., INC.",1140 N. MAIN ST.,"PROVIDENCE, RI 02904",http://maps.google.com/maps?q=WALGREEN%20EASTERN%20CO%20INC%2C1140%20N.%20MAIN%20ST.%2C+PROVIDENCE%2C+RI+02904,
"WALGREEN EASTERN CO., INC.",119-02 ROCKAWAY BLVD.,"SOUTH OZONE PARK, NY 11420",http://maps.google.com/maps?q=WALGREEN%20EASTERN%20CO%20INC%2C119-02%20ROCKAWAY%20BLVD.%2C+SOUTH%20OZONE%20PARK%2C+NY+11420,
"WALGREEN EASTERN CO., INC.",1228 BROADWAY,"SAUGUS, MA 01906",http://maps.google.com/maps?q=WALGREEN%20EASTERN%20CO%20INC%2C1228%20BROADWAY%2C+SAUGUS%2C+MA+01906,
"WALGREEN EASTERN CO., INC.",12704 GUY R BREWER BLVD,"JAMAICA, NY 11434",http://maps.google.com/maps?q=WALGREEN%20EASTERN%20CO%20INC%2C12704%20GUY%20R%20BREWER%20BLVD%2C+JAMAICA%2C+NY+11434,
"WALGREEN EASTERN CO., INC.",1281 FULTON ST.,"BROOKLYN, NY 11216",http://maps.google.com/maps?q=WALGREEN%20EASTERN%20CO%20INC%2C1281%20FULTON%20ST.%2C+BROOKLYN%2C+NY+11216,
"WALGREEN EASTERN CO., INC.",142 LOUDON RD.,"CONCORD, NH 03301",http://maps.google.com/maps?q=WALGREEN%20EASTERN%20CO%20INC%2C142%20LOUDON%20RD.%2C+CONCORD%2C+NH+03301,
"WALGREEN EASTERN CO., INC.",170 N MAIN STREET,"RANDOLPH, MA 02368",http://maps.google.com/maps?q=WALGREEN%20EASTERN%20CO%20INC%2C170%20N%20MAIN%20STREET%2C+RANDOLPH%2C+MA+02368,
"WALGREEN EASTERN CO., INC.",1770 DEER PARK AVE,"DEER PARK, NY 11729",http://maps.google.com/maps?q=WALGREEN%20EASTERN%20CO%20INC%2C1770%20DEER%20PARK%20AVE%2C+DEER%20PARK%2C+NY+11729,
"WALGREEN EASTERN CO., INC.",185 CENTRE STREET,"MALDEN, MA 02148",http://maps.google.com/maps?q=WALGREEN%20EASTERN%20CO%20INC%2C185%20CENTRE%20STREET%2C+MALDEN%2C+MA+02148,
"WALGREEN EASTERN CO., INC.",201 MAIN STREET,"GLOUCESTER, MA 01930",http://maps.google.com/maps?q=WALGREEN%20EASTERN%20CO%20INC%2C201%20MAIN%20STREET%2C+GLOUCESTER%2C+MA+01930,
"WALGREEN EASTERN CO., INC.",2095 DUTCH BROADWAY,"ELMONT, NY 11003",http://maps.google.com/maps?q=WALGREEN%20EASTERN%20CO%20INC%2C2095%20DUTCH%20BROADWAY%2C+ELMONT%2C+NY+11003,
"WALGREEN EASTERN CO., INC.",210 S BROADWAY,"HICKSVILLE, NY 11801",http://maps.google.com/maps?q=WALGREEN%20EASTERN%20CO%20INC%2C210%20S%20BROADWAY%2C+HICKSVILLE%2C+NY+11801,
"WALGREEN EASTERN CO., INC.",225 MAIN ST.,"STONEHAM, MA 02180",http://maps.google.com/maps?q=WALGREEN%20EASTERN%20CO%20INC%2C225%20MAIN%20ST.%2C+STONEHAM%2C+MA+02180,
"WALGREEN EASTERN CO., INC.",225R KING ST,"NORTHAMPTON, MA 01060",http://maps.google.com/maps?q=WALGREEN%20EASTERN%20CO%20INC%2C225R%20KING%20ST%2C+NORTHAMPTON%2C+MA+01060,
"WALGREEN EASTERN CO., INC.",24 SCHOOL STREET,"BOSTON, MA 02108",http://maps.google.com/maps?q=WALGREEN%20EASTERN%20CO%20INC%2C24%20SCHOOL%20STREET%2C+BOSTON%2C+MA+02108,
"WALGREEN EASTERN CO., INC.",283 MAIN ST,"NASHUA, NH 03060",http://maps.google.com/maps?q=WALGREEN%20EASTERN%20CO%20INC%2C283%20MAIN%20ST%2C+NASHUA%2C+NH+03060,
"WALGREEN EASTERN CO., INC.",295 ACADEMY AVENUE,"PROVIDENCE, RI 02908",http://maps.google.com/maps?q=WALGREEN%20EASTERN%20CO%20INC%2C295%20ACADEMY%20AVENUE%2C+PROVIDENCE%2C+RI+02908,
"WALGREEN EASTERN CO., INC.",298 FIRST AVE,"NEW YORK, NY 10009",http://maps.google.com/maps?q=WALGREEN%20EASTERN%20CO%20INC%2C298%20FIRST%20AVE%2C+NEW%20YORK%2C+NY+10009,
"WALGREEN EASTERN CO., INC.",31 CAVALRY DR.,"NEW CITY, NY 10956",http://maps.google.com/maps?q=WALGREEN%20EASTERN%20CO%20INC%2C31%20CAVALRY%20DR.%2C+NEW%20CITY%2C+NY+10956,
"WALGREEN EASTERN CO., INC.",317 FERRY ST,"EVERETT, MA 02149",http://maps.google.com/maps?q=WALGREEN%20EASTERN%20CO%20INC%2C317%20FERRY%20ST%2C+EVERETT%2C+MA+02149,
"WALGREEN EASTERN CO., INC.",320 PARK AVE,"WORCESTER, MA 01610",http://maps.google.com/maps?q=WALGREEN%20EASTERN%20CO%20INC%2C320%20PARK%20AVE%2C+WORCESTER%2C+MA+01610,
"WALGREEN EASTERN CO., INC.",369 PLYMOUTH AVE,"FALL RIVER, MA 02721",http://maps.google.com/maps?q=WALGREEN%20EASTERN%20CO%20INC%2C369%20PLYMOUTH%20AVE%2C+FALL%20RIVER%2C+MA+02721,
"WALGREEN EASTERN CO., INC.",393 FRONT ST,"HEMPSTEAD, NY 11550",http://maps.google.com/maps?q=WALGREEN%20EASTERN%20CO%20INC%2C393%20FRONT%20ST%2C+HEMPSTEAD%2C+NY+11550,
"WALGREEN EASTERN CO., INC.",4120 HEMPSTEAD TURNPIKE,"BETHPAGE, NY 11714",http://maps.google.com/maps?q=WALGREEN%20EASTERN%20CO%20INC%2C4120%20HEMPSTEAD%20TURNPIKE%2C+BETHPAGE%2C+NY+11714,
"WALGREEN EASTERN CO., INC.",413 WASHINGTON STREET,"STOUGHTON, MA 02072",http://maps.google.com/maps?q=WALGREEN%20EASTERN%20CO%20INC%2C413%20WASHINGTON%20STREET%2C+STOUGHTON%2C+MA+02072,
"WALGREEN EASTERN CO., INC.",416 WARREN ST,"ROXBURY, MA 02119",http://maps.google.com/maps?q=WALGREEN%20EASTERN%20CO%20INC%2C416%20WARREN%20ST%2C+ROXBURY%2C+MA+02119,
"WALGREEN EASTERN CO., INC.",418 QUINCY AVENUE,"QUINCY, MA 02169",http://maps.google.com/maps?q=WALGREEN%20EASTERN%20CO%20INC%2C418%20QUINCY%20AVENUE%2C+QUINCY%2C+MA+02169,
"WALGREEN EASTERN CO., INC.",430 BROADWAY,"REVERE, MA 02151",http://maps.google.com/maps?q=WALGREEN%20EASTERN%20CO%20INC%2C430%20BROADWAY%2C+REVERE%2C+MA+02151,
"WALGREEN EASTERN CO., INC.",440 WEST ST,"KEENE, NH 03431",http://maps.google.com/maps?q=WALGREEN%20EASTERN%20CO%20INC%2C440%20WEST%20ST%2C+KEENE%2C+NH+03431,
"WALGREEN EASTERN CO., INC.",45 CUMBERLAND ST,"WOONSOCKET, RI 02895",http://maps.google.com/maps?q=WALGREEN%20EASTERN%20CO%20INC%2C45%20CUMBERLAND%20ST%2C+WOONSOCKET%2C+RI+02895,
"WALGREEN EASTERN CO., INC.",495 STATE RD.,"NORTH DARTMOUTH, MA 02747",http://maps.google.com/maps?q=WALGREEN%20EASTERN%20CO%20INC%2C495%20STATE%20RD.%2C+NORTH%20DARTMOUTH%2C+MA+02747,
"WALGREEN EASTERN CO., INC.",4999 STATE HIGHWAY 30,"AMSTERDAM, NY 12010",http://maps.google.com/maps?q=WALGREEN%20EASTERN%20CO%20INC%2C4999%20STATE%20HIGHWAY%2030%2C+AMSTERDAM%2C+NY+12010,
"WALGREEN EASTERN CO., INC.",5 PIERCE ST,"GREENFIELD, MA 01301",http://maps.google.com/maps?q=WALGREEN%20EASTERN%20CO%20INC%2C5%20PIERCE%20ST%2C+GREENFIELD%2C+MA+01301,
"WALGREEN EASTERN CO., INC.",501 SUMNER AVENUE,"SPRINGFIELD, MA 01108",http://maps.google.com/maps?q=WALGREEN%20EASTERN%20CO%20INC%2C501%20SUMNER%20AVENUE%2C+SPRINGFIELD%2C+MA+01108,
"WALGREEN EASTERN CO., INC.",533 ELMWOOD AVE.,"PROVIDENCE, RI 02907",http://maps.google.com/maps?q=WALGREEN%20EASTERN%20CO%20INC%2C533%20ELMWOOD%20AVE.%2C+PROVIDENCE%2C+RI+02907,
"WALGREEN EASTERN CO., INC.",54 ELLIOTT STREET,"BEVERLY, MA 01915",http://maps.google.com/maps?q=WALGREEN%20EASTERN%20CO%20INC%2C54%20ELLIOTT%20STREET%2C+BEVERLY%2C+MA+01915,
"WALGREEN EASTERN CO., INC.",54 PLAIN ST,"LOWELL, MA 01851",http://maps.google.com/maps?q=WALGREEN%20EASTERN%20CO%20INC%2C54%20PLAIN%20ST%2C+LOWELL%2C+MA+01851,
"WALGREEN EASTERN CO., INC.",5564 BROADWAY,"BRONX, NY 10463",http://maps.google.com/maps?q=WALGREEN%20EASTERN%20CO%20INC%2C5564%20BROADWAY%2C+BRONX%2C+NY+10463,
"WALGREEN EASTERN CO., INC.",571 NASHUA ST.,"MILFORD, NH 03055",http://maps.google.com/maps?q=WALGREEN%20EASTERN%20CO%20INC%2C571%20NASHUA%20ST.%2C+MILFORD%2C+NH+03055,
"WALGREEN EASTERN CO., INC.",653 WORCESTER RD,"FRAMINGHAM, MA 01701",http://maps.google.com/maps?q=WALGREEN%20EASTERN%20CO%20INC%2C653%20WORCESTER%20RD%2C+FRAMINGHAM%2C+MA+01701,
"WALGREEN EASTERN CO., INC.",655 MIDDLE COUNTRY RD,"SELDEN, NY 11784",http://maps.google.com/maps?q=WALGREEN%20EASTERN%20CO%20INC%2C655%20MIDDLE%20COUNTRY%20RD%2C+SELDEN%2C+NY+11784,
"WALGREEN EASTERN CO., INC.",841 BOYLSTON STREET,"BOSTON, MA 02116",http://maps.google.com/maps?q=WALGREEN%20EASTERN%20CO%20INC%2C841%20BOYLSTON%20STREET%2C+BOSTON%2C+MA+02116,
"WALGREEN EASTERN CO., INC.",8420 BROADWAY,"ELMHURST, NY 11373",http://maps.google.com/maps?q=WALGREEN%20EASTERN%20CO%20INC%2C8420%20BROADWAY%2C+ELMHURST%2C+NY+11373,
"WALGREEN EASTERN CO., INC.",89 HENRY STREET,"FREEPORT, NY 11520",http://maps.google.com/maps?q=WALGREEN%20EASTERN%20CO%20INC%2C89%20HENRY%20STREET%2C+FREEPORT%2C+NY+11520,
WELLNESS CENTER PHARMACY,4013 BROADWAY,"ASTORIA, NY 11103",http://maps.google.com/maps?q=WELLNESS%20CENTER%20PHARMACY%2C4013%20BROADWAY%2C+ASTORIA%2C+NY+11103,
WENTWORTH DOUGLASS HOSPITAL,789 CENTRAL AVE,"DOVER, NH 03820",http://maps.google.com/maps?q=WENTWORTH%20DOUGLASS%20HOSPITAL%2C789%20CENTRAL%20AVE%2C+DOVER%2C+NH+03820,
"WESTBOROUGH BEHAVIORAL HEALTHCARE HOSPITAL, LLC",300 FRIBERG PARKWAY,"WESTBOROUGH, MA 01581",http://maps.google.com/maps?q=WESTBOROUGH%20BEHAVIORAL%20HEALTHCARE%20HOSPITAL%20LLC%2C300%20FRIBERG%20PARKWAY%2C+WESTBOROUGH%2C+MA+01581,
YASIK 2 INC,54-56A MYRTLE AVE,"RIDGEWOOD, NY 11385",http://maps.google.com/maps?q=YASIK%20%20INC%2C54-56A%20MYRTLE%20AVE%2C+RIDGEWOOD%2C+NY+11385,
"YOUNG'S PHARMACY & GENERAL STORE, LLC",1636 BURDEN LAKE ROAD,"AVERILL PARK, NY 12018",http://maps.google.com/maps?q=YOUNGS%20PHARMACY%20%20GENERAL%20STORE%20LLC%2C1636%20BURDEN%20LAKE%20ROAD%2C+AVERILL%20PARK%2C+NY+12018,
